method,condition_id,disk,true_gmm,est_gmm,true_ang,est_ang,ang_err,balanced
physics,BLND01,1,48.0,38.1,180.0,-169.0,11.0,0
physics,BLND01,2,48.0,58.3,135.0,138.0,3.0,0
physics,BLND02,1,3.0,7.8,135.0,-16.0,151.0,0
physics,BLND02,2,48.0,51.3,135.0,139.0,4.0,0
physics,BLND03,1,6.0,0.3,225.0,176.0,49.0,0
physics,BLND03,2,12.0,14.5,270.0,-99.0,9.0,0
physics,BLND04,1,36.0,27.9,157.0,153.0,4.0,0
physics,BLND04,2,6.0,6.5,67.5,117.0,49.5,0
physics,BLND05,1,36.0,24.8,157.5,150.0,7.5,0
physics,BLND05,2,24.0,31.3,247.5,-125.0,12.5,0
physics,BLND06,1,0.0,5.8,0.0,14.0,14.0,1
physics,BLND06,2,0.0,4.2,0.0,-173.0,173.0,1
physics,BLND07,1,0.0,8.4,0.0,21.0,21.0,1
physics,BLND07,2,0.0,6.1,0.0,-168.0,168.0,1
physics,BLND08,1,0.0,8.0,0.0,21.0,21.0,1
physics,BLND08,2,0.0,5.8,0.0,-168.0,168.0,1
physics,BLND09,1,0.0,8.4,0.0,28.0,28.0,1
physics,BLND09,2,0.0,6.1,0.0,-159.0,159.0,1
physics,BLND10,1,0.0,5.3,0.0,3.0,3.0,1
physics,BLND10,2,0.0,3.9,0.0,174.0,174.0,1
ml,BLND01,1,48.0,20.5,180.0,167.0,13.0,0
ml,BLND01,2,48.0,8.8,135.0,136.0,1.0,0
ml,BLND02,1,3.0,10.8,135.0,154.0,19.0,0
ml,BLND02,2,48.0,9.7,135.0,120.0,15.0,0
ml,BLND03,1,6.0,3.3,225.0,-120.0,15.0,0
ml,BLND03,2,12.0,8.9,270.0,-89.0,1.0,0
ml,BLND04,1,36.0,18.0,157.0,163.0,6.0,0
ml,BLND04,2,6.0,5.1,67.5,54.0,13.5,0
ml,BLND05,1,36.0,18.1,157.5,-177.0,25.5,0
ml,BLND05,2,24.0,14.1,247.5,-174.0,61.5,0
ml,BLND06,1,0.0,2.6,0.0,63.0,63.0,1
ml,BLND06,2,0.0,1.7,0.0,-106.0,106.0,1
ml,BLND07,1,0.0,4.1,0.0,76.0,76.0,1
ml,BLND07,2,0.0,2.8,0.0,-97.0,97.0,1
ml,BLND08,1,0.0,4.2,0.0,78.0,78.0,1
ml,BLND08,2,0.0,2.7,0.0,-95.0,95.0,1
ml,BLND09,1,0.0,4.7,0.0,79.0,79.0,1
ml,BLND09,2,0.0,3.3,0.0,-95.0,95.0,1
ml,BLND10,1,0.0,2.2,0.0,73.0,73.0,1
ml,BLND10,2,0.0,1.7,0.0,-88.0,88.0,1
hybrid,BLND01,1,48.0,19.0,180.0,171.0,9.0,0
hybrid,BLND01,2,48.0,15.4,135.0,155.0,20.0,0
hybrid,BLND02,1,3.0,7.2,135.0,157.0,22.0,0
hybrid,BLND02,2,48.0,14.6,135.0,143.0,8.0,0
hybrid,BLND03,1,6.0,1.8,225.0,122.0,103.0,0
hybrid,BLND03,2,12.0,14.0,270.0,-90.0,0.0,0
hybrid,BLND04,1,36.0,18.4,157.0,157.0,0.0,0
hybrid,BLND04,2,6.0,4.9,67.5,55.0,12.5,0
hybrid,BLND05,1,36.0,18.7,157.5,177.0,19.5,0
hybrid,BLND05,2,24.0,7.0,247.5,-149.0,36.5,0
hybrid,BLND06,1,0.0,2.7,0.0,74.0,74.0,1
hybrid,BLND06,2,0.0,1.9,0.0,-91.0,91.0,1
hybrid,BLND07,1,0.0,3.7,0.0,78.0,78.0,1
hybrid,BLND07,2,0.0,2.4,0.0,-86.0,86.0,1
hybrid,BLND08,1,0.0,3.3,0.0,78.0,78.0,1
hybrid,BLND08,2,0.0,1.9,0.0,-80.0,80.0,1
hybrid,BLND09,1,0.0,4.4,0.0,79.0,79.0,1
hybrid,BLND09,2,0.0,2.9,0.0,-86.0,86.0,1
hybrid,BLND10,1,0.0,1.9,0.0,77.0,77.0,1
hybrid,BLND10,2,0.0,1.4,0.0,-67.0,67.0,1
