condition_id,block,config,disk,U_gmm,angle_deg,loaded
A001,A_severity,D1,1,3.0,0.0,1
A001,A_severity,D1,2,0.0,,0
A002,A_severity,D1,1,6.0,0.0,1
A002,A_severity,D1,2,0.0,,0
A003,A_severity,D1,1,12.0,0.0,1
A003,A_severity,D1,2,0.0,,0
A004,A_severity,D1,1,24.0,0.0,1
A004,A_severity,D1,2,0.0,,0
A005,A_severity,D1,1,30.0,0.0,1
A005,A_severity,D1,2,0.0,,0
A007,A_severity,D1,1,48.0,0.0,1
A007,A_severity,D1,2,0.0,,0
A008,A_severity,D1,1,60.0,0.0,1
A008,A_severity,D1,2,0.0,,0
A009,A_severity,D2,1,0.0,,0
A009,A_severity,D2,2,3.0,0.0,1
A010,A_severity,D2,1,0.0,,0
A010,A_severity,D2,2,6.0,0.0,1
A011,A_severity,D2,1,0.0,,0
A011,A_severity,D2,2,12.0,0.0,1
A012,A_severity,D2,1,0.0,,0
A012,A_severity,D2,2,24.0,0.0,1
A013,A_severity,D2,1,0.0,,0
A013,A_severity,D2,2,30.0,0.0,1
A015,A_severity,D2,1,0.0,,0
A015,A_severity,D2,2,48.0,0.0,1
A017,A_severity,inphase,1,3.0,0.0,1
A017,A_severity,inphase,2,3.0,0.0,1
A018,A_severity,inphase,1,6.0,0.0,1
A018,A_severity,inphase,2,6.0,0.0,1
A019,A_severity,inphase,1,12.0,0.0,1
A019,A_severity,inphase,2,12.0,0.0,1
A020,A_severity,inphase,1,24.0,0.0,1
A020,A_severity,inphase,2,24.0,0.0,1
A021,A_severity,inphase,1,30.0,0.0,1
A021,A_severity,inphase,2,30.0,0.0,1
A025,A_severity,antiphase,1,3.0,0.0,1
A025,A_severity,antiphase,2,3.0,180.0,1
A026,A_severity,antiphase,1,6.0,0.0,1
A026,A_severity,antiphase,2,6.0,180.0,1
A028,A_severity,antiphase,1,24.0,0.0,1
A028,A_severity,antiphase,2,24.0,180.0,1
A029,A_severity,antiphase,1,30.0,0.0,1
A029,A_severity,antiphase,2,30.0,180.0,1
B001,B_phase,D1,1,6.0,90.0,1
B001,B_phase,D1,2,0.0,,0
B002,B_phase,D1,1,6.0,180.0,1
B002,B_phase,D1,2,0.0,,0
B003,B_phase,D1,1,6.0,-90.00000000000001,1
B003,B_phase,D1,2,0.0,,0
B004,B_phase,D1,1,12.0,90.0,1
B004,B_phase,D1,2,0.0,,0
B005,B_phase,D1,1,12.0,180.0,1
B005,B_phase,D1,2,0.0,,0
B006,B_phase,D1,1,12.0,-90.00000000000001,1
B006,B_phase,D1,2,0.0,,0
B008,B_phase,D1,1,24.0,180.0,1
B008,B_phase,D1,2,0.0,,0
B009,B_phase,D1,1,24.0,-90.00000000000001,1
B009,B_phase,D1,2,0.0,,0
B010,B_phase,D1,1,30.0,90.0,1
B010,B_phase,D1,2,0.0,,0
B011,B_phase,D1,1,30.0,180.0,1
B011,B_phase,D1,2,0.0,,0
B012,B_phase,D1,1,30.0,-90.00000000000001,1
B012,B_phase,D1,2,0.0,,0
B013,B_phase,D2,1,0.0,,0
B013,B_phase,D2,2,6.0,90.0,1
B014,B_phase,D2,1,0.0,,0
B014,B_phase,D2,2,6.0,180.0,1
B015,B_phase,D2,1,0.0,,0
B015,B_phase,D2,2,6.0,-90.00000000000001,1
B016,B_phase,D2,1,0.0,,0
B016,B_phase,D2,2,12.0,90.0,1
B017,B_phase,D2,1,0.0,,0
B017,B_phase,D2,2,12.0,180.0,1
B018,B_phase,D2,1,0.0,,0
B018,B_phase,D2,2,12.0,-90.00000000000001,1
B019,B_phase,D2,1,0.0,,0
B019,B_phase,D2,2,24.0,90.0,1
B020,B_phase,D2,1,0.0,,0
B020,B_phase,D2,2,24.0,180.0,1
B021,B_phase,D2,1,0.0,,0
B021,B_phase,D2,2,24.0,-90.00000000000001,1
B022,B_phase,D2,1,0.0,,0
B022,B_phase,D2,2,30.0,90.0,1
B023,B_phase,D2,1,0.0,,0
B023,B_phase,D2,2,30.0,180.0,1
B024,B_phase,D2,1,0.0,,0
B024,B_phase,D2,2,30.0,-90.00000000000001,1
B025,B_phase,inphase,1,6.0,90.0,1
B025,B_phase,inphase,2,6.0,90.0,1
B026,B_phase,inphase,1,6.0,180.0,1
B026,B_phase,inphase,2,6.0,180.0,1
B027,B_phase,inphase,1,6.0,-90.00000000000001,1
B027,B_phase,inphase,2,6.0,-90.00000000000001,1
B028,B_phase,inphase,1,12.0,90.0,1
B028,B_phase,inphase,2,12.0,90.0,1
B029,B_phase,inphase,1,12.0,180.0,1
B029,B_phase,inphase,2,12.0,180.0,1
B030,B_phase,inphase,1,12.0,-90.00000000000001,1
B030,B_phase,inphase,2,12.0,-90.00000000000001,1
B032,B_phase,inphase,1,24.0,180.0,1
B032,B_phase,inphase,2,24.0,180.0,1
B033,B_phase,inphase,1,24.0,-90.00000000000001,1
B033,B_phase,inphase,2,24.0,-90.00000000000001,1
B034,B_phase,inphase,1,30.0,90.0,1
B034,B_phase,inphase,2,30.0,90.0,1
B035,B_phase,inphase,1,30.0,180.0,1
B035,B_phase,inphase,2,30.0,180.0,1
B036,B_phase,inphase,1,30.0,-90.00000000000001,1
B036,B_phase,inphase,2,30.0,-90.00000000000001,1
B037,B_phase,antiphase,1,6.0,90.0,1
B037,B_phase,antiphase,2,6.0,-90.00000000000001,1
B038,B_phase,antiphase,1,6.0,180.0,1
B038,B_phase,antiphase,2,6.0,0.0,1
B039,B_phase,antiphase,1,6.0,-90.00000000000001,1
B039,B_phase,antiphase,2,6.0,90.0,1
B040,B_phase,antiphase,1,12.0,90.0,1
B040,B_phase,antiphase,2,12.0,-90.00000000000001,1
B041,B_phase,antiphase,1,12.0,180.0,1
B041,B_phase,antiphase,2,12.0,0.0,1
B042,B_phase,antiphase,1,12.0,-90.00000000000001,1
B042,B_phase,antiphase,2,12.0,90.0,1
B043,B_phase,antiphase,1,24.0,90.0,1
B043,B_phase,antiphase,2,24.0,-90.00000000000001,1
B044,B_phase,antiphase,1,24.0,180.0,1
B044,B_phase,antiphase,2,24.0,0.0,1
B045,B_phase,antiphase,1,24.0,-90.00000000000001,1
B045,B_phase,antiphase,2,24.0,90.0,1
B046,B_phase,antiphase,1,30.0,90.0,1
B046,B_phase,antiphase,2,30.0,-90.00000000000001,1
B048,B_phase,antiphase,1,30.0,-90.00000000000001,1
B048,B_phase,antiphase,2,30.0,90.0,1
C001,C_fine_phase,D1,1,12.000000000000002,45.0,1
C001,C_fine_phase,D1,2,0.0,,0
C002,C_fine_phase,D1,1,12.0,135.0,1
C002,C_fine_phase,D1,2,0.0,,0
C003,C_fine_phase,D1,1,12.0,-135.0,1
C003,C_fine_phase,D1,2,0.0,,0
C004,C_fine_phase,D1,1,11.999999999999998,-45.000000000000014,1
C004,C_fine_phase,D1,2,0.0,,0
B047,B_phase,antiphase,1,30.0,180.0,1
B047,B_phase,antiphase,2,30.0,0.0,1
A006,A_severity,D1,1,36.0,0.0,1
A006,A_severity,D1,2,0.0,,0
A022,A_severity,inphase,1,36.0,0.0,1
A022,A_severity,inphase,2,36.0,0.0,1
A014,A_severity,D2,1,0.0,,0
A014,A_severity,D2,2,36.0,0.0,1
A030,A_severity,antiphase,1,36.0,0.0,1
A030,A_severity,antiphase,2,36.0,180.0,1
A031,A_severity,antiphase,1,48.0,0.0,1
A031,A_severity,antiphase,2,48.0,180.0,1
A023,A_severity,inphase,1,48.0,0.0,1
A023,A_severity,inphase,2,48.0,0.0,1
A016,A_severity,D2,1,0.0,,0
A016,A_severity,D2,2,60.0,0.0,1
A024,A_severity,inphase,1,60.0,0.0,1
A024,A_severity,inphase,2,60.0,0.0,1
A032,A_severity,antiphase,1,60.0,0.0,1
A032,A_severity,antiphase,2,60.0,180.0,1
BASE,baseline,baseline,1,0.0,,0
BASE,baseline,baseline,2,0.0,,0
B007,B_phase,D1,1,24.0,90.0,1
B007,B_phase,D1,2,0.0,,0
B031,B_phase,inphase,1,24.0,90.0,1
B031,B_phase,inphase,2,24.0,90.0,1
A027,A_severity,antiphase,1,12.0,0.0,1
A027,A_severity,antiphase,2,12.0,180.0,1
