method,protocol,r2_pred,phase_deg,slope,crosstalk,localization
hybrid,random_acquisition,0.9776,0.31,0.9864,1.451,0.7927
hybrid,condition,0.6592,6.09,0.7877,5.651,0.561
hybrid,magnitude_interpolating,0.6434,5.98,0.807,4.83,0.625
hybrid,magnitude_extrapolating,-4.4603,15.02,-0.0112,2.152,0.7308
hybrid,configuration,-0.3926,10.11,0.3549,8.777,0.2195
hybrid,angle_sector,-1.1201,67.36,0.0891,4.652,0.2195
ml,random_acquisition,0.9605,0.27,0.9537,2.44,0.7927
ml,condition,0.5309,5.65,0.7127,8.315,0.4756
ml,magnitude_interpolating,0.5496,5.67,0.7214,6.894,0.5625
ml,magnitude_extrapolating,-4.82,15.79,-0.0477,6.571,0.5
ml,configuration,-0.6245,19.87,0.3002,11.853,0.1707
ml,angle_sector,-1.2216,92.95,0.0413,5.097,0.1951
physics,random_acquisition,0.6235,22.9,0.8884,11.824,0.5122
physics,condition,0.6235,22.9,0.8884,11.824,0.5122
physics,magnitude_interpolating,0.5022,23.58,0.8542,11.824,0.5
physics,magnitude_extrapolating,0.4084,23.99,1.0468,7.891,0.9231
physics,configuration,0.6235,22.9,0.8884,11.824,0.5122
physics,angle_sector,0.6235,22.9,0.8884,11.824,0.5122
pinn_iso,random_acquisition,0.9457,5.32,1.02,1.918,0.8049
pinn_iso,condition,0.9445,5.86,1.0198,1.96,0.8049
pinn_iso,magnitude_interpolating,0.9276,6.04,0.9895,2.093,0.8
pinn_iso,magnitude_extrapolating,0.8334,6.4,1.1142,3.169,0.9615
pinn_iso,configuration,0.9354,5.92,0.9707,2.073,0.7927
pinn_iso,angle_sector,0.9383,6.66,1.0259,2.259,0.7927
pinn_aniso,random_acquisition,0.8109,5.54,0.9716,3.428,0.6707
pinn_aniso,condition,0.8597,6.94,1.0079,3.258,0.6951
pinn_aniso,magnitude_interpolating,0.6681,16.68,0.9253,2.85,0.6875
pinn_aniso,magnitude_extrapolating,-1.1939,28.21,0.4475,23.13,0.7692
pinn_aniso,configuration,0.7203,15.71,0.9182,2.133,0.6951
pinn_aniso,angle_sector,0.3458,22.17,1.0131,5.289,0.561
pinn_aniso+res,random_acquisition,0.9557,3.93,1.0063,1.812,0.8049
pinn_aniso+res,condition,0.9251,5.62,1.0213,2.088,0.7927
pinn_aniso+res,magnitude_interpolating,0.9371,5.6,0.9817,2.009,0.8
pinn_aniso+res,magnitude_extrapolating,0.6303,13.54,1.0853,2.321,0.9615
pinn_aniso+res,configuration,0.889,6.79,0.9651,2.767,0.7683
pinn_aniso+res,angle_sector,0.725,12.21,0.9866,3.874,0.7317
pinn_aniso+unlab,random_acquisition,0.9433,4.28,0.9997,1.911,0.8049
pinn_aniso+unlab,condition,0.9416,5.13,1.0048,2.009,0.8049
pinn_aniso+unlab,magnitude_interpolating,0.903,7.07,0.946,1.998,0.8
pinn_aniso+unlab,magnitude_extrapolating,0.6519,5.55,1.1487,5.46,0.9231
pinn_aniso+unlab,configuration,0.7486,14.15,0.9386,2.054,0.6951
pinn_aniso+unlab,angle_sector,0.1472,21.28,0.5449,5.608,0.6098
