method,protocol,r2_pred,r2_line,slope,rmse,mae,phase_hi,phase_hi_n,crosstalk,localization,n_points,localization_n
pinn_iso,random_acquisition,0.9457,0.955,1.02,3.346,1.811,5.32,64.0,1.918,0.9268,164.0,
pinn_iso,condition,0.9445,0.9543,1.0198,3.384,1.904,5.86,64.0,1.96,0.9268,164.0,
pinn_iso,magnitude_interpolating,0.9435,0.9531,1.0185,3.413,1.969,5.8,64.0,2.176,0.9146,164.0,
pinn_iso,magnitude_extrapolating,0.8334,0.8993,1.1142,4.829,2.838,6.4,48.0,3.169,0.9615,52.0,
pinn_iso,configuration,0.9354,0.9521,0.9707,3.651,2.317,5.92,64.0,2.073,0.9268,164.0,
pinn_iso,angle_sector,0.9383,0.9492,1.026,3.567,2.003,6.66,64.0,2.258,0.939,164.0,
pinn_aniso,random_acquisition,0.8109,0.88,0.9716,6.246,3.909,5.54,64.0,3.428,0.8293,164.0,
pinn_aniso,condition,0.8597,0.9031,1.0079,5.379,3.175,6.94,64.0,3.258,0.8415,164.0,
pinn_aniso,magnitude_interpolating,0.8643,0.9015,1.0134,5.291,2.928,11.32,64.0,3.046,0.8659,164.0,
pinn_aniso,magnitude_extrapolating,-1.1939,0.1682,0.4475,17.525,12.001,28.21,48.0,23.13,0.7692,52.0,
pinn_aniso,configuration,0.7203,0.8084,0.9182,7.595,4.345,15.71,64.0,2.133,0.8659,164.0,
pinn_aniso,angle_sector,0.3472,0.6433,1.0112,11.604,7.07,22.17,64.0,5.158,0.6829,164.0,
pinn_aniso+res,random_acquisition,0.9557,0.9614,1.0063,3.023,1.434,3.93,64.0,1.812,0.9146,164.0,
pinn_aniso+res,condition,0.9251,0.9361,1.0213,3.931,2.087,5.62,64.0,2.088,0.8902,164.0,
pinn_aniso+res,magnitude_interpolating,0.9405,0.9478,1.0048,3.504,1.91,5.38,64.0,2.195,0.9146,164.0,
pinn_aniso+res,magnitude_extrapolating,0.6303,0.7883,1.0853,7.194,4.902,13.54,48.0,2.321,0.9615,52.0,
pinn_aniso+res,configuration,0.889,0.9065,0.9651,4.785,2.805,6.79,64.0,2.767,0.9268,164.0,
pinn_aniso+res,angle_sector,0.725,0.7847,0.9865,7.532,4.079,12.21,64.0,3.871,0.8293,164.0,
pinn_aniso+unlab,random_acquisition,0.9433,0.9549,0.9997,3.419,2.007,4.28,64.0,1.911,0.9268,164.0,
pinn_aniso+unlab,condition,0.9416,0.9537,1.0048,3.47,2.108,5.13,64.0,2.009,0.939,164.0,
pinn_aniso+unlab,magnitude_interpolating,0.8041,0.8463,0.9423,6.356,3.226,8.68,64.0,3.107,0.8537,164.0,
pinn_aniso+unlab,magnitude_extrapolating,0.6519,0.8071,1.1487,6.981,4.081,5.55,48.0,5.46,0.9231,52.0,
pinn_aniso+unlab,configuration,0.7486,0.8225,0.9386,7.201,3.985,14.15,64.0,2.054,0.8415,164.0,
pinn_aniso+unlab,angle_sector,0.1472,0.3883,0.5449,13.263,6.867,21.28,64.0,5.602,0.7317,164.0,
hybrid,random_acquisition,0.9776,0.9871,0.9864,2.149,1.476,0.31,64.0,1.451,0.9634,164.0,82.0
hybrid,condition,0.6592,0.8079,0.7877,8.384,6.249,6.09,64.0,5.651,0.7195,164.0,82.0
hybrid,magnitude_interpolating,0.6733,0.8074,0.7717,8.209,5.96,5.88,64.0,4.333,0.7073,164.0,82.0
hybrid,magnitude_extrapolating,-4.4603,0.0005,-0.0112,27.649,24.162,15.02,48.0,2.152,0.7308,52.0,26.0
hybrid,configuration,-0.3926,0.3932,0.3549,16.948,12.854,10.11,64.0,8.777,0.3902,164.0,82.0
hybrid,angle_sector,-1.12,0.0834,0.089,20.911,16.441,67.36,64.0,4.648,0.4146,164.0,82.0
ml,random_acquisition,0.9605,0.9819,0.9537,2.853,2.152,0.27,64.0,2.44,0.9634,164.0,82.0
ml,condition,0.5309,0.7744,0.7127,9.836,7.663,5.65,64.0,8.315,0.6341,164.0,82.0
ml,magnitude_interpolating,0.5988,0.8086,0.7016,9.097,6.758,5.77,64.0,6.676,0.7073,164.0,82.0
ml,magnitude_extrapolating,-4.82,0.0092,-0.0477,28.545,25.032,15.79,48.0,6.571,0.5,52.0,26.0
ml,configuration,-0.6245,0.2715,0.3002,18.305,13.817,19.87,64.0,11.853,0.3415,164.0,82.0
ml,angle_sector,-1.2213,0.0301,0.0409,21.405,16.564,92.95,64.0,5.114,0.3659,164.0,82.0
physics,random_acquisition,0.6235,0.7161,0.8884,8.813,,22.9,,11.824,0.4268,,82.0
physics,condition,0.6235,0.7161,0.8884,8.813,,22.9,,11.824,0.4268,,82.0
physics,magnitude_interpolating,0.6235,0.7161,0.8884,8.813,,22.9,,11.824,0.4268,,82.0
physics,magnitude_extrapolating,0.6235,0.7161,0.8884,8.813,,22.9,,11.824,0.4268,,82.0
physics,configuration,0.6235,0.7161,0.8884,8.813,,22.9,,11.824,0.4268,,82.0
physics,angle_sector,0.6235,0.7161,0.8884,8.813,,22.9,,11.824,0.4268,,82.0
