variant,condition_id,disk,true_gmm,est_gmm,true_ang,est_ang,balanced
iso,BLND01,1,48.0,43.27890898114765,180.0,176.21174223018693,0
iso,BLND01,2,48.0,49.668095884544584,135.0,139.6924493408192,0
iso,BLND02,1,3.0,8.01925722807411,135.0,-17.885838796461247,0
iso,BLND02,2,48.0,52.42285256882908,135.0,137.0615949376597,0
iso,BLND03,1,6.0,5.638632724615361,225.0,-119.7319154645569,0
iso,BLND03,2,12.0,9.904309475530678,270.0,-90.81904202628455,0
iso,BLND04,1,36.0,29.92592930196733,157.0,154.65357048737167,0
iso,BLND04,2,6.0,5.96945312548104,67.5,96.04062482979995,0
iso,BLND05,1,36.0,31.673614015225315,157.5,154.050250449603,0
iso,BLND05,2,24.0,29.7156551650739,247.5,-114.96476481186738,0
iso,BLND06,1,0.0,2.771147704850723,0.0,-37.90168314588179,1
iso,BLND06,2,0.0,2.496155953164944,0.0,110.19988330607218,1
iso,BLND07,1,0.0,4.157562468473681,0.0,-28.371835918660757,1
iso,BLND07,2,0.0,3.798058946694362,0.0,118.16826872841915,1
iso,BLND08,1,0.0,4.2686110432904565,0.0,-28.99725110146361,1
iso,BLND08,2,0.0,3.9213224816328083,0.0,119.5132589535419,1
iso,BLND09,1,0.0,4.146287013454296,0.0,-22.17424888263971,1
iso,BLND09,2,0.0,3.59588910822502,0.0,124.77085583111511,1
iso,BLND10,1,0.0,2.402636244999839,0.0,-44.20300791603192,1
iso,BLND10,2,0.0,2.2266128360779143,0.0,104.96485580835727,1
aniso,BLND01,1,48.0,44.23893541061457,180.0,168.51193054189264,0
aniso,BLND01,2,48.0,42.407007962127246,135.0,142.5951836431702,0
aniso,BLND02,1,3.0,7.837805456320773,135.0,29.687715142417062,0
aniso,BLND02,2,48.0,46.30750850499857,135.0,140.8579354079102,0
aniso,BLND03,1,6.0,3.830431663978401,225.0,-123.37949607318312,0
aniso,BLND03,2,12.0,10.90876270528882,270.0,-94.49791733963443,0
aniso,BLND04,1,36.0,30.189936217068357,157.0,153.41646699806338,0
aniso,BLND04,2,6.0,4.461129964041164,67.5,85.52593072479885,0
aniso,BLND05,1,36.0,29.65669794490681,157.5,154.53071270111442,0
aniso,BLND05,2,24.0,28.89134377889078,247.5,-117.19434160830306,0
aniso,BLND06,1,0.0,2.356138429124456,0.0,-4.987755310219444,1
aniso,BLND06,2,0.0,1.5522476392328082,0.0,133.63204549748588,1
aniso,BLND07,1,0.0,3.839608780773821,0.0,7.9404392799087615,1
aniso,BLND07,2,0.0,2.414152591054161,0.0,148.38519138071584,1
aniso,BLND08,1,0.0,3.881261005707469,0.0,5.327066382645498,1
aniso,BLND08,2,0.0,2.5921971274445594,0.0,146.96696173627467,1
aniso,BLND09,1,0.0,4.094190348282699,0.0,13.954663270883904,1
aniso,BLND09,2,0.0,2.488367024878485,0.0,161.20752259207705,1
aniso,BLND10,1,0.0,1.989458732828496,0.0,0.43968055145722784,1
aniso,BLND10,2,0.0,1.120659121841524,0.0,149.1492790307929,1
aniso+res,BLND01,1,48.0,49.634080040150224,180.0,175.58236584339278,0
aniso+res,BLND01,2,48.0,45.038829151845405,135.0,132.7965844186902,0
aniso+res,BLND02,1,3.0,3.7260834314717437,135.0,-37.53675903775586,0
aniso+res,BLND02,2,48.0,50.312310867702095,135.0,133.9396853152352,0
aniso+res,BLND03,1,6.0,5.327129039623256,225.0,-125.5538783368043,0
aniso+res,BLND03,2,12.0,10.3859520855009,270.0,-88.46360661966463,0
aniso+res,BLND04,1,36.0,30.956892954436253,157.0,155.20100087371472,0
aniso+res,BLND04,2,6.0,6.69851995722553,67.5,74.74046109112788,0
aniso+res,BLND05,1,36.0,32.693437513165705,157.5,152.3516029100875,0
aniso+res,BLND05,2,24.0,29.088084354580705,247.5,-113.5180500911718,0
aniso+res,BLND06,1,0.0,2.8377519626448264,0.0,-33.24213307366934,1
aniso+res,BLND06,2,0.0,2.416460319521058,0.0,116.7960322447989,1
aniso+res,BLND07,1,0.0,2.4228601747278855,0.0,-25.038047082752136,1
aniso+res,BLND07,2,0.0,2.530275144224907,0.0,103.77240956168113,1
aniso+res,BLND08,1,0.0,2.5505553795109432,0.0,-27.8825932433515,1
aniso+res,BLND08,2,0.0,2.692518601125449,0.0,105.24177784885855,1
aniso+res,BLND09,1,0.0,2.4014271626963883,0.0,-15.211973751929278,1
aniso+res,BLND09,2,0.0,2.24925727295745,0.0,111.41455430188459,1
aniso+res,BLND10,1,0.0,2.718706797916004,0.0,-39.449381558889776,1
aniso+res,BLND10,2,0.0,2.229349046813492,0.0,114.18554438831788,1
