method,thresh_gmm,acc,sens,spec,localization
physics,0.5,0.7073,1.0,0.0,0.4634
physics,1.0,0.7073,1.0,0.0,0.4634
physics,2.0,0.7195,1.0,0.0417,0.4756
physics,3.0,0.7195,1.0,0.0417,0.4756
physics,4.0,0.7256,0.9828,0.1042,0.4878
physics,5.0,0.7256,0.9828,0.1042,0.4878
physics,6.0,0.7378,0.9828,0.1458,0.5122
physics,7.0,0.7744,0.9741,0.2917,0.5732
physics,8.0,0.7683,0.9483,0.3333,0.5732
physics,10.0,0.75,0.8879,0.4167,0.5732
physics,12.0,0.7073,0.7759,0.5417,0.5244
physics,15.0,0.7012,0.681,0.75,0.561
physics,20.0,0.6646,0.5517,0.9375,0.5
physics,25.0,0.5915,0.431,0.9792,0.378
physics,,0.7073,,,
ml,0.5,0.7012,0.9914,0.0,0.4634
ml,1.0,0.7012,0.9914,0.0,0.4634
ml,2.0,0.6707,0.931,0.0417,0.4512
ml,3.0,0.6829,0.8966,0.1667,0.4634
ml,4.0,0.689,0.8448,0.3125,0.4634
ml,5.0,0.6646,0.7759,0.3958,0.4512
ml,6.0,0.6707,0.7241,0.5417,0.4756
ml,7.0,0.6585,0.6724,0.625,0.439
ml,8.0,0.622,0.6034,0.6667,0.4024
ml,10.0,0.6098,0.5603,0.7292,0.378
ml,12.0,0.5976,0.4914,0.8542,0.4146
ml,15.0,0.5305,0.3879,0.875,0.3049
ml,20.0,0.4512,0.25,0.9375,0.2317
ml,25.0,0.4085,0.1638,1.0,0.1707
ml,,0.7073,,,
hybrid,0.5,0.6951,0.9828,0.0,0.4634
hybrid,1.0,0.6951,0.9741,0.0208,0.4634
hybrid,2.0,0.7195,0.9397,0.1875,0.5122
hybrid,3.0,0.7195,0.8534,0.3958,0.5366
hybrid,4.0,0.7683,0.8362,0.6042,0.5976
hybrid,5.0,0.7134,0.75,0.625,0.5244
hybrid,6.0,0.7317,0.7241,0.75,0.561
hybrid,7.0,0.7134,0.6724,0.8125,0.5488
hybrid,8.0,0.7134,0.6638,0.8333,0.5366
hybrid,10.0,0.6585,0.5776,0.8542,0.4634
hybrid,12.0,0.6402,0.5431,0.875,0.439
hybrid,15.0,0.6037,0.4655,0.9375,0.4268
hybrid,20.0,0.5,0.3017,0.9792,0.2805
hybrid,25.0,0.439,0.2155,0.9792,0.2195
hybrid,,0.7073,,,
