file,condition_id,speed_id,rpm_measured,hybrid_U1_gmm,hybrid_U1_ang,ml_U1_gmm,ml_U1_ang,physics_U1_gmm,physics_U1_ang,hybrid_U2_gmm,hybrid_U2_ang,ml_U2_gmm,ml_U2_ang,physics_U2_gmm,physics_U2_ang
BLND01_N1_m1_a1_1784830025.npz,BLND01,N1,1002.2,20.167448744950594,174.39168281711903,21.90907276273913,172.88809872268723,42.13355019174955,-167.6388051139446,15.53217254604133,158.70823823824662,8.75160876639261,152.80251905202738,56.17298349306272,135.48127879786762
BLND01_N1_m1_a2_1784830033.npz,BLND01,N1,1002.2,19.853581934590476,174.28532770711504,22.038569610013862,172.83578233041916,43.22516443539018,-168.05840888551376,14.874504361490505,157.51762000639303,7.088065462451655,145.9960598456101,55.53458289376363,134.83679456944654
BLND01_N1_m1_a3_1784830042.npz,BLND01,N1,1002.1,19.648292199730435,174.1198937942031,21.899864750259297,172.10926383316627,43.07790519150668,-169.88763318472303,15.132016389100297,158.01859258387245,7.048309017062178,143.66662490215217,54.623457599257414,135.53417213821848
BLND01_N2_m1_a1_1784830072.npz,BLND01,N2,1204.1,18.21208444961751,168.3359144967781,19.420741235196783,161.36754072034108,33.85504022814623,-170.17644909086027,15.776707514560826,151.95357563076976,10.291228109414346,128.62502873941497,61.05300658654317,139.50525597951767
BLND01_N2_m1_a2_1784830080.npz,BLND01,N2,1204.0,18.041318133661964,168.41851377327382,19.32386569362586,161.60845788664724,33.246647418075504,-169.46239195698408,15.461756950618517,152.23835279539932,10.164050373743727,127.05028517895657,61.570572269216,139.59155116021128
BLND01_N2_m1_a3_1784830089.npz,BLND01,N2,1204.2,18.11368289443094,168.15532740674024,19.26124805857285,161.5465146451221,32.95078905327246,-172.26760299189755,15.703775087538665,152.15887376197165,10.268421884593563,126.9881895705675,60.958235055345575,140.59974647171902
BLND02_N2_m1_a1_1784830212.npz,BLND02,N2,1204.2,8.948870371122498,156.3915409505588,13.79040188179401,152.21173087314526,11.096014884023464,-7.099435071479347,14.454737354929698,138.3091839952253,10.287098959376253,97.54642824098661,53.204877231137445,140.45452222940534
BLND02_N2_m1_a2_1784830220.npz,BLND02,N2,1204.1,8.6388178799551,155.72266864255297,13.786039290000005,152.2326409286668,11.362317027549292,-6.404693101906013,14.40556906199821,138.33739428636102,10.315161317206822,98.26599880555186,53.36179106847406,140.7246404874907
BLND02_N2_m1_a3_1784830229.npz,BLND02,N2,1204.2,8.944532749372486,156.90926925796788,13.652662594981214,153.0918220591003,11.887635624216788,-13.094353186542993,14.438185065997734,138.79092955062745,10.011961096608395,97.15482869199798,54.29669841470618,139.79264131099964
BLND02_N1_m1_a1_1784830253.npz,BLND02,N1,1002.4,5.3439276893922125,158.93450665487165,7.551959944594344,154.3138753568446,5.260788108308614,-35.03682825726822,14.940075635685384,147.3693868216668,11.17440902240472,143.0572931088146,49.59763523358838,137.02744577242024
BLND02_N1_m1_a2_1784830262.npz,BLND02,N1,1002.2,6.166973207270831,159.12699314822135,8.81612281513123,157.06580200213713,3.2939592347194298,-38.966179356160495,14.318855401183434,144.7404864874817,9.701023657326067,136.59554687169978,48.0548906849263,136.64138260622164
BLND02_N1_m1_a3_1784830270.npz,BLND02,N1,1002.2,5.2154729560769155,159.23826810555593,7.408177993308469,154.52989780992797,5.225133401994591,-32.009093709728035,15.127799740874412,147.74289500835184,11.213402561221104,143.4744901322036,49.53781309694338,137.24545028739166
BLND03_N1_m1_a1_1784830410.npz,BLND03,N1,1002.2,2.267118256264697,112.52814326178847,2.249595396520734,-118.58248057484322,3.4853421065659713,-141.18155635378383,14.274087571540257,-90.20069898126972,10.562001183487908,-90.02712354442012,13.269354383307919,-90.4350364276762
BLND03_N1_m1_a2_1784830418.npz,BLND03,N1,1002.3,2.1299609284224177,120.6904764785617,2.1221007306700215,-120.97691136276939,3.79942214876101,-142.53766319183225,14.04814126495032,-89.74305168630374,10.538087729754388,-90.23379245068928,13.067112469787862,-89.29243471887382
BLND03_N1_m1_a3_1784830427.npz,BLND03,N1,1002.3,2.1912054576955735,108.10953799422298,1.7659395451799003,-127.53238349788384,3.0606366095952127,-141.55471569769617,14.499180287174859,-90.73107628349936,10.582341376084972,-90.4602189113814,13.295088533575264,-91.84594298024919
BLND03_N2_m1_a1_1784830447.npz,BLND03,N2,1207.5,1.4449963557097603,130.79385972728016,4.296533337818792,-119.19022017076324,3.5195871605070765,43.410365772815275,13.80595049245071,-90.67232816034311,7.457100039559615,-88.34784301833938,16.431651866368085,-106.99026616164186
BLND03_N2_m1_a2_1784830455.npz,BLND03,N2,1207.5,1.7933405339038977,133.26216436310415,4.70979903066332,-118.34033285658104,2.8056633785170444,55.89234496016654,13.647106836249213,-90.22671326637705,7.085120464748641,-88.98101255463209,16.152714190285163,-104.26845757208139
BLND03_N2_m1_a3_1784830464.npz,BLND03,N2,1207.6,1.446166595494442,139.09363524168037,4.896599726085194,-120.08333514932467,2.722423007483988,41.01013585823944,13.491293562887138,-90.37797423496502,7.036014283669414,-86.6512322214599,15.777863028655762,-106.10484241849713
BLND04_N1_m1_a1_1784830740.npz,BLND04,N1,1003.9,18.781038736516138,159.45648404327906,18.11322047955227,165.58281172578305,34.23517773375374,157.15577193581566,2.4415333296926343,46.87543050149367,1.6507089386078941,71.56505117707799,5.217456196461605,65.24540496353073
BLND04_N1_m1_a2_1784830749.npz,BLND04,N1,1004.0,18.80624538266523,160.9475659872756,17.63040694329438,165.54933601275036,31.724834281121133,157.26388391709568,2.2224367257584636,45.018229646064185,2.6946413490481436,43.827179370407016,5.622707273864695,85.84731080233009
BLND04_N1_m1_a3_1784830757.npz,BLND04,N1,1004.0,18.88928849378244,161.56127169929476,17.636787923461,165.54777091587457,31.883772981770797,158.88445114936627,2.229532910723679,45.27257539137966,1.962009174290477,62.10272896905237,6.290964050009578,83.55016533815923
BLND04_N2_m1_a1_1784830786.npz,BLND04,N2,1206.0,18.050000480233134,154.33145190422383,18.396898100499076,160.43982556076443,23.96252759833498,148.44231650126338,7.379650127207929,59.27858066729621,8.249088798164316,52.50636526588479,8.987795554392584,135.39238728356509
BLND04_N2_m1_a2_1784830795.npz,BLND04,N2,1205.8,17.913825239207778,153.16532314108247,18.201240957584652,160.19570219956242,23.439189270408935,144.98061475613358,7.57117296064487,58.161467636855626,8.229186229512612,54.0171613808085,9.348514401651117,142.50720615334626
BLND04_N2_m1_a3_1784830803.npz,BLND04,N2,1205.9,17.896716620183405,153.2595609747998,18.29583988251895,160.3206901037657,23.13808045273803,147.16175654220854,7.722534817014424,57.84519227950805,8.255409014700605,53.045429533796835,9.686781569318194,138.01991653029117
BLND05_N2_m1_a1_1784830940.npz,BLND05,N2,1206.1,19.53949211213024,177.8706553588565,20.251251735447852,-176.60640180206383,21.771638787574236,139.47978407131316,8.882158521440608,-159.7655833079509,15.283924626875127,-175.85776052143086,34.53003248489161,-130.4375906462366
BLND05_N2_m1_a2_1784830948.npz,BLND05,N2,1205.9,19.60155626474592,178.21081979069217,19.852556165307508,-176.4629886152958,21.279766984678442,137.60378023385445,9.372829882164726,-163.01502285155172,15.276650156366086,-175.92346854162648,35.10570830247593,-131.09055145074166
BLND05_N2_m1_a3_1784830957.npz,BLND05,N2,1205.9,19.090974621532553,177.73050150361638,19.581208864793954,-176.4549549727581,22.180781144094652,136.63744662642628,9.153652385796612,-160.8287031770058,15.387107980384098,-175.81091729118026,35.4494170132917,-129.96804121423034
BLND05_N1_m1_a1_1784830988.npz,BLND05,N1,1002.1,18.201993379076974,175.4999816610655,16.99264994347666,-176.84607429013025,29.72953220174402,161.03344565457996,5.527752527022171,-129.3915070692267,13.37857466249675,-171.00377307001742,27.419266869871066,-117.60188244138081
BLND05_N1_m1_a2_1784830997.npz,BLND05,N1,1001.9,17.995136116199603,175.38736144007493,15.803070026924091,-176.76466311598182,28.06231489410101,158.80734268310619,5.4158999252201845,-130.7321066997092,12.902889288837597,-171.0559991106245,28.346024438480562,-120.15591558369862
BLND05_N1_m1_a3_1784831005.npz,BLND05,N1,1002.1,18.083520126131525,175.6260664271555,16.24671216898241,-176.83190747900068,28.66804152830888,159.34291825069207,5.249192318823916,-127.86541042152761,12.738221225901205,-170.9029720741997,28.11410288385903,-119.50055641044254
BLND06_N1_m1_a1_1784831099.npz,BLND06,N1,1001.9,1.4750468622540827,73.05005638666327,1.655831513167931,58.18167743930897,2.4605584452011833,32.80073989462201,1.2938643669256835,-81.91373526507346,1.4679717299730264,-98.97465571782834,1.7962349469439554,-129.69504730234314
BLND06_N1_m1_a2_1784831108.npz,BLND06,N1,1002.1,1.4301179922690148,80.13454519874045,1.5342355255991031,62.9448794501753,1.5441568984336331,61.85418924162158,1.3685883237847678,-79.34691211694445,1.402411583665794,-99.29440820685195,1.371490038879518,-97.88801377580403
BLND06_N1_m1_a3_1784831116.npz,BLND06,N1,1002.1,2.406926671089088,76.05613175153188,1.77506513964981,61.77466645393921,2.8339350154974556,81.97046387658571,2.0218036502093866,-91.61553384181508,1.645740031110625,-106.24906403650894,2.4929926756611143,-91.31508243779089
BLND10_N2_m1_a1_1784831152.npz,BLND10,N2,1206.7,2.052305593716491,77.80579995744246,2.6080602466200813,82.54254569611288,5.229942018486045,11.958753035393835,1.3639623345239413,-66.51734609589604,1.9416869598367292,-85.61374213112475,3.95893796167558,-175.67559751485192
BLND10_N2_m1_a2_1784831161.npz,BLND10,N2,1206.7,1.985709445009516,77.81858692634634,2.591805596490601,78.97837573825794,6.07020205784677,1.0842310125296262,1.2390326872201556,-61.51132828098054,1.6463773109466735,-82.96994775212984,4.764205022619066,172.90446405762978
BLND10_N2_m1_a3_1784831169.npz,BLND10,N2,1206.7,2.289198331294167,76.61329941921747,2.944911925677914,79.54288720154693,5.787911005522735,16.214129540856653,1.3726110155466478,-70.02045975342924,1.9004173883649873,-86.09267007217548,4.299767577716043,-172.91801923366847
BLND09_N2_m1_a1_1784831179.npz,BLND09,N2,1206.7,3.6139775870915414,77.25968087493271,3.960860544124218,78.1184195603331,8.09554084594698,22.07217047034127,2.094594232781137,-81.95887218297923,2.811124374694225,-92.70158967535704,5.898402703183412,-165.59159618092536
BLND09_N2_m1_a2_1784831188.npz,BLND09,N2,1206.8,4.6642926580565245,80.11156709477993,4.856023902495178,79.5169268854938,8.607296163124188,29.982930001594006,3.2531885896762884,-87.46301554118452,3.377309913229758,-95.80343715190718,6.22247911112108,-156.49650676096672
BLND09_N2_m1_a3_1784831196.npz,BLND09,N2,1206.7,4.781709422371877,80.563286163152,5.172548708500326,79.81069193733003,8.668144384226839,31.44788263088153,3.297640368505941,-88.1927230879702,3.5714375607029725,-96.84245484257923,6.288996146412441,-155.01420070139704
BLND08_N2_m1_a1_1784831206.npz,BLND08,N2,1206.9,3.309934289377963,78.2860807527162,4.3148063977425455,79.1731526942853,7.983345618412102,21.921173206033625,1.9026605057129873,-80.0426086343664,2.9045196246539637,-93.83966238541836,5.779436368859546,-166.90460451851988
BLND08_N2_m1_a2_1784831214.npz,BLND08,N2,1206.9,3.087177513522668,76.58944766692399,4.071256102236753,77.32236250696256,7.790452097668763,21.028168411461376,1.678132593092691,-79.8753283446022,2.503121700996578,-94.89290222510425,5.623648129489166,-168.49096129438112
BLND08_N2_m1_a3_1784831223.npz,BLND08,N2,1206.7,3.3631083836236977,79.1511502696245,4.278230738284227,76.84728405743797,8.18495305554035,21.044234794039674,1.97901616971666,-79.84275599926114,2.81441543664044,-97.236120605692,5.970173674654157,-168.10977351207939
BLND07_N2_m1_a1_1784831232.npz,BLND07,N2,1206.8,4.166048727511478,81.56648064363155,4.44527286620641,81.5459195150969,7.457724485857047,31.47340375480783,2.765907626801734,-85.66643414942519,2.974600183217906,-95.27551889170982,5.347089715036148,-156.8262822025961
BLND07_N2_m1_a2_1784831240.npz,BLND07,N2,1206.8,3.19471579330619,76.23779286559865,3.623635777778997,76.66939530249996,8.217656381844213,16.55592636429289,1.873196465937303,-81.37243829681132,2.4330356039318457,-92.86240522611176,5.995386997665181,-173.1119764593384
BLND07_N2_m1_a3_1784831249.npz,BLND07,N2,1206.6,3.66135498478361,74.98286061755928,4.218553360303574,70.61721075717668,9.640840973247778,16.735816752812195,2.473012939715439,-89.81465239093893,3.008322830083234,-102.23442960430577,7.065624818218954,-171.59765767788053
BLND06_N2_m1_a1_1784831311.npz,BLND06,N2,1206.8,3.6230352915159383,73.73170275031916,3.687637771348021,68.1274991308314,10.124306697541332,7.058325437488882,2.4559694623508657,-91.6099259843891,2.1282580318185107,-102.96535800128018,7.727363722514674,176.7228890609952
BLND06_N2_m1_a2_1784831320.npz,BLND06,N2,1206.7,3.615445730629135,73.58050012387564,3.567121532582506,64.28851594361255,10.41134572924453,4.555626295236622,2.2289856437402196,-93.83288332013014,1.9354643499687616,-109.89079195746992,8.110360897953385,173.7049030065551
BLND06_N2_m1_a3_1784831328.npz,BLND06,N2,1206.9,3.4541285353146347,69.24638528982777,3.515452207485032,58.23754980436963,10.34856471390705,4.306452010449422,2.023297308850086,-97.49733532527948,1.94694485027183,-116.5255686202084,8.059271577495583,173.14480606836042
BLND10_N1_m1_a1_1784831409.npz,BLND10,N1,1001.4,1.5531267721975666,74.27115659408015,1.7502824671762707,61.9695352781516,4.86516921893076,-5.116241401046853,1.3031841773133988,-63.572584267372584,1.5221301685466984,-93.03158241055067,3.4689801327511387,166.6276926327644
BLND10_N1_m1_a2_1784831417.npz,BLND10,N1,1001.4,2.2916003687379702,76.04865258183324,2.11400240982518,57.5856451297521,6.536912712656003,2.229547778733176,1.9117733259986658,-71.31390099387626,1.7147839514061238,-94.28082351678289,4.743774064605536,175.52355542376887
BLND10_N1_m1_a3_1784831426.npz,BLND10,N1,1001.3,1.5096520618992606,82.00281777483686,1.411136510051384,68.61704810323512,3.953556202110217,-17.73260802765166,1.5247826074558957,-65.63690112918174,1.4397013579211488,-84.89925043699499,2.806790424695287,150.58508450109787
