method,cid,disk,n_acq,true_mag,est_mag,true_ang,est_ang,ang_err,loaded
physics,A001,1,6,3.0,8.334283131654992,0.0,33.7619108220212,33.76191082202121,True
physics,A001,2,6,0.0,6.033094546246551,0.0,-123.38529766374977,123.38529766374977,False
physics,A002,1,6,6.0,11.253027116906795,0.0,-21.137080606376152,21.137080606376145,True
physics,A002,2,6,0.0,6.078572871995509,0.0,141.00951985363196,141.00951985363196,False
physics,A003,1,6,12.0,19.855229777964414,0.0,-19.050305553586735,19.050305553586725,True
physics,A003,2,6,0.0,8.676987159359559,0.0,130.66284047816364,130.66284047816362,False
physics,A004,1,6,24.0,29.63859438828009,0.0,-22.02762599857373,22.02762599857374,True
physics,A004,2,6,0.0,11.04848924830878,0.0,106.33879793332649,106.33879793332648,False
physics,A005,1,6,30.0,33.36319580156569,0.0,-16.84307151800819,16.843071518008202,True
physics,A005,2,6,0.0,9.667942090123463,0.0,98.13514859885234,98.13514859885231,False
physics,A006,1,6,36.0,38.01472089402025,0.0,-7.054105036905925,7.0541050369059235,True
physics,A006,2,6,0.0,6.54966295016214,0.0,112.27884295212,112.27884295211999,False
physics,A008,1,6,60.0,59.87271330436819,0.0,2.4152539279825165,2.415253927982519,True
physics,A008,2,6,0.0,3.3155803722528496,0.0,-26.682261802479584,26.682261802479587,False
physics,A009,1,6,0.0,6.155839896035146,0.0,-14.76316090160533,14.763160901605318,False
physics,A009,2,6,3.0,3.153348465535608,0.0,134.0769482901279,134.07694829012792,True
physics,A010,1,6,0.0,6.538464383219657,0.0,-33.782705090120054,33.78270509012006,False
physics,A010,2,6,6.0,3.603149055156708,0.0,80.46856036659531,80.46856036659528,True
physics,A011,1,6,0.0,11.297282107238734,0.0,-43.946813766957035,43.946813766957035,False
physics,A011,2,6,12.0,9.756318652423198,0.0,56.8248700586785,56.8248700586785,True
physics,A012,1,6,0.0,13.155978633710697,0.0,-65.70321382233945,65.70321382233945,False
physics,A012,2,6,24.0,22.059093646056784,0.0,31.945677452215293,31.945677452215307,True
physics,A013,1,6,0.0,7.956963778019556,0.0,-54.59548238633071,54.5954823863307,False
physics,A013,2,6,30.0,26.805174571884933,0.0,15.938130733337012,15.938130733337005,True
physics,A014,1,6,0.0,5.678386579008836,0.0,-29.795366577498665,29.79536657749867,False
physics,A014,2,6,36.0,31.17620267793095,0.0,8.496364900466634,8.49636490046663,True
physics,A016,1,6,0.0,16.02012957494905,0.0,98.8768873010496,98.87688730104958,False
physics,A016,2,6,60.0,65.18880929443814,0.0,-12.217195409823297,12.21719540982329,True
physics,A017,1,6,3.0,7.839117546405492,0.0,7.614604047525947,7.614604047525944,True
physics,A017,2,6,3.0,1.6503726899761806,0.0,-137.67412499691986,137.67412499691986,True
physics,A018,1,6,6.0,9.794421879168489,0.0,-16.35143776236445,16.35143776236444,True
physics,A018,2,6,6.0,3.6898780902432944,0.0,61.07469755660855,61.074697556608555,True
physics,A019,1,6,12.0,18.684381340690713,0.0,-21.832485814036662,21.83248581403666,True
physics,A019,2,6,12.0,10.279939748041777,0.0,45.30714764591802,45.30714764591801,True
physics,A020,1,6,24.0,22.58116510277153,0.0,-23.84384420088127,23.84384420088128,True
physics,A020,2,6,24.0,26.672072399824213,0.0,19.984922334816993,19.984922334816986,True
physics,A021,1,6,30.0,26.73464099898897,0.0,-14.144528596676468,14.14452859667648,True
physics,A021,2,6,30.0,33.43702982537948,0.0,12.87830040239981,12.878300402399816,True
physics,A022,1,6,36.0,32.93233175582098,0.0,-5.430491031179235,5.43049103117923,True
physics,A022,2,6,36.0,36.48152366498982,0.0,7.667100866350154,7.667100866350154,True
physics,A023,1,6,48.0,49.858459737545495,0.0,23.324968258579517,23.32496825857953,True
physics,A023,2,6,48.0,50.842831279165765,0.0,-18.998607687809617,18.998607687809624,True
physics,A024,1,6,60.0,64.01030948303308,0.0,21.684553136531715,21.68455313653172,True
physics,A024,2,6,60.0,68.01128525157465,0.0,-15.629557962452884,15.629557962452878,True
physics,A025,1,6,3.0,13.419953684554816,0.0,-31.91877359671515,31.91877359671514,True
physics,A025,2,6,3.0,12.418807542080733,180.0,144.56541125423556,35.434588745764444,True
physics,A026,1,6,6.0,14.816287922519894,0.0,-28.092080028262703,28.0920800282627,True
physics,A026,2,6,6.0,13.786752829786321,180.0,150.22183044805755,29.778169551942455,True
physics,A027,1,6,12.0,23.975678229231175,0.0,86.82699188506514,86.82699188506513,True
physics,A027,2,6,12.0,23.55797249586501,180.0,-87.51519062913019,92.48480937086981,True
physics,A028,1,6,24.0,36.40680744327114,0.0,-21.96758972511804,21.967589725118046,True
physics,A028,2,6,24.0,34.13926993029584,180.0,157.02064501907378,22.979354980926217,True
physics,A029,1,6,30.0,28.144085259692133,0.0,13.57781520750999,13.577815207509985,True
physics,A029,2,6,30.0,28.029582563732728,180.0,-166.6843965359288,13.31560346407116,True
physics,A030,1,6,36.0,39.66452531728599,0.0,-11.950401760075708,11.95040176007572,True
physics,A030,2,6,36.0,39.33846399383485,180.0,168.54600001234152,11.453999987658477,True
physics,A031,1,6,48.0,51.918913592285456,0.0,-5.235345212888981,5.235345212888973,True
physics,A031,2,6,48.0,51.56258366038934,180.0,174.58028469010938,5.41971530989062,True
physics,A032,1,6,60.0,59.871149567886654,0.0,7.11901034796231,7.119010347962302,True
physics,A032,2,6,60.0,59.6883912917632,180.0,-173.3963290622738,6.603670937726179,True
physics,B001,1,6,6.0,10.129899471859224,90.0,-13.807525216049104,103.8075252160491,True
physics,B001,2,6,0.0,11.064968817038372,0.0,134.31583458111166,134.31583458111163,False
physics,B002,1,6,6.0,11.481930473739743,180.0,-55.47214437215454,124.5278556278455,True
physics,B002,2,6,0.0,13.296152716979263,0.0,135.21016810037548,135.21016810037548,False
physics,B003,1,6,6.0,11.16324165631613,-90.00000000000001,-45.85735442879569,44.142645571204326,True
physics,B003,2,6,0.0,6.992840742626197,0.0,150.0476017449747,150.0476017449747,False
physics,B004,1,6,12.0,10.61135168109992,90.0,-3.781339414458036,93.78133941445803,True
physics,B004,2,6,0.0,14.158278309772246,0.0,126.42738704419197,126.42738704419196,False
physics,B005,1,6,12.0,11.602589964371047,180.0,-74.56234082394015,105.43765917605987,True
physics,B005,2,6,0.0,15.70449951426297,0.0,137.05533169376568,137.05533169376565,False
physics,B006,1,6,12.0,23.60760051042839,-90.00000000000001,-61.76631791511422,28.2336820848858,True
physics,B006,2,6,0.0,12.776325187178223,0.0,133.03387899199885,133.03387899199885,False
physics,B007,1,6,24.0,58.03608756145454,90.0,103.29526739175736,13.295267391757363,True
physics,B007,2,6,0.0,32.613288127288286,0.0,-61.880965372007104,61.8809653720071,False
physics,B008,1,6,24.0,15.256969856966107,180.0,-112.61622105466918,67.38377894533085,True
physics,B008,2,6,0.0,19.946869960064653,0.0,135.93561336823552,135.93561336823552,False
physics,B009,1,6,24.0,31.44863150647008,-90.00000000000001,-68.75603938922849,21.243960610771524,True
physics,B009,2,6,0.0,11.480239609383325,0.0,141.5146020953784,141.5146020953784,False
physics,B010,1,6,30.0,30.640391441363093,90.0,90.21836070969414,0.21836070969413868,True
physics,B010,2,6,0.0,1.581817223568729,0.0,-94.63234372703535,94.63234372703535,False
physics,B011,1,6,30.0,16.62380576921275,180.0,-158.6943917763047,21.305608223695288,True
physics,B011,2,6,0.0,12.928806362142396,0.0,150.27173657648527,150.2717365764853,False
physics,B012,1,6,30.0,28.43487930222748,-90.00000000000001,-75.33939389649008,14.660606103509934,True
physics,B012,2,6,0.0,5.7446660063131585,0.0,-177.67308975567906,177.67308975567906,False
physics,B013,1,6,0.0,8.601396011575634,0.0,-26.27820256834552,26.278202568345534,False
physics,B013,2,6,6.0,12.207976494278942,90.0,124.17483760205835,34.174837602058346,True
physics,B014,1,6,0.0,14.404250008578702,0.0,-32.813126032433814,32.813126032433814,False
physics,B014,2,6,6.0,17.046723337022506,180.0,152.34789458031946,27.652105419680538,True
physics,B015,1,6,0.0,10.235467785058743,0.0,-28.416187769839038,28.41618776983904,False
physics,B015,2,6,6.0,6.973452338185616,-90.00000000000001,-177.63602047842525,87.63602047842524,True
physics,B016,1,6,0.0,16.291841719749293,0.0,-49.50717652683882,49.507176526838805,False
physics,B016,2,6,12.0,24.54143920666697,90.0,110.3231726554708,20.323172655470785,True
physics,B017,1,6,0.0,16.03220555877177,0.0,-46.75661378824698,46.756613788246966,False
physics,B017,2,6,12.0,23.464794735855474,180.0,151.48114941589995,28.51885058410005,True
physics,B018,1,6,0.0,15.970502124218893,0.0,-40.242004513431134,40.24200451343114,False
physics,B018,2,6,12.0,9.551311801368879,-90.00000000000001,-170.77745734030577,80.77745734030576,True
physics,B019,1,6,0.0,20.600830220419198,0.0,-65.83877068521942,65.83877068521942,False
physics,B019,2,6,24.0,41.17425424620884,90.0,100.36401060578393,10.364010605783932,True
physics,B020,1,6,0.0,21.208298884850322,0.0,-40.75713805834472,40.75713805834471,False
physics,B020,2,6,24.0,38.44831678625703,180.0,159.81776273314821,20.182237266851786,True
physics,B021,1,6,0.0,14.041189015694876,0.0,-33.59050451527132,33.590504515271334,False
physics,B021,2,6,24.0,17.22921922189689,-90.00000000000001,-122.07846415946945,32.07846415946943,True
physics,B022,1,6,0.0,3.92233580591388,0.0,0.8985440530954756,0.8985440530954634,False
physics,B022,2,6,30.0,29.93558972363186,90.0,97.0088087856425,7.008808785642486,True
physics,B023,1,6,0.0,15.550246624167173,0.0,-28.873958158962633,28.873958158962637,False
physics,B023,2,6,30.0,40.72478476642828,180.0,169.64983307832216,10.35016692167784,True
physics,B024,1,6,0.0,6.694551258299406,0.0,16.819159984825777,16.819159984825774,False
physics,B024,2,6,30.0,29.746351912368173,-90.00000000000001,-99.56088089593202,9.560880895932002,True
physics,B025,1,6,6.0,7.489994680967923,90.0,-22.27544692934763,112.27544692934762,True
physics,B025,2,6,6.0,14.713465706567732,90.0,116.24565032120127,26.245650321201254,True
physics,B026,1,6,6.0,8.30605751576377,180.0,-61.104943516867955,118.89505648313207,True
physics,B026,2,6,6.0,14.825863443358182,180.0,152.93239496359053,27.067605036409475,True
physics,B027,1,6,6.0,14.975526305975597,-90.00000000000001,-47.76225520240399,42.23774479759601,True
physics,B027,2,6,6.0,7.881449926614103,-90.00000000000001,175.12326026127081,94.87673973872916,True
physics,B028,1,6,12.0,10.97824399166061,90.0,-16.78764009636995,106.78764009636996,True
physics,B028,2,6,12.0,26.35378902709292,90.0,108.5448582763757,18.54485827637569,True
physics,B029,1,6,12.0,15.017283010116019,180.0,-62.343525592227486,117.65647440777252,True
physics,B029,2,6,12.0,28.9430686521116,180.0,154.79640878818847,25.203591211811528,True
physics,B030,1,6,12.0,21.70209894128756,-90.00000000000001,-59.02087811421588,30.97912188578414,True
physics,B030,2,6,12.0,9.547770157048989,-90.00000000000001,-154.48003818592198,64.48003818592197,True
physics,B031,1,6,24.0,60.38488886573875,90.0,104.14907761175829,14.149077611758287,True
physics,B031,2,6,24.0,18.341572192351624,90.0,-28.267296533544865,118.26729653354487,True
physics,B032,1,6,24.0,17.645524727468167,180.0,-86.85961302052519,93.14038697947478,True
physics,B032,2,6,24.0,46.34816307169622,180.0,159.27647313257646,20.723526867423544,True
physics,B033,1,6,24.0,27.07861909496011,-90.00000000000001,-63.99729071773854,26.002709282261492,True
physics,B033,2,6,24.0,21.79477807548444,-90.00000000000001,-115.30647632033653,25.306476320336515,True
physics,B034,1,6,30.0,23.88886085991411,90.0,96.17682581277698,6.176825812776997,True
physics,B034,2,6,30.0,33.71137080870455,90.0,88.6031126717647,1.3968873282352945,True
physics,B035,1,6,30.0,11.975142320611225,180.0,-131.4364469017356,48.56355309826438,True
physics,B035,2,6,30.0,47.57967507762866,180.0,169.3876662830653,10.6123337169347,True
physics,B036,1,6,30.0,23.92793140125769,-90.00000000000001,-71.57057863572501,18.429421364275015,True
physics,B036,2,6,30.0,33.16613540074784,-90.00000000000001,-100.17767303763371,10.177673037633696,True
physics,B037,1,6,6.0,10.138545012376454,90.0,-2.526219510629418,92.52621951062942,True
physics,B037,2,6,6.0,8.15008107996409,-90.00000000000001,174.90518031603023,95.09481968396977,True
physics,B038,1,6,6.0,10.03773305603025,180.0,-47.942986144009794,132.0570138559902,True
physics,B038,2,6,6.0,12.721188626252722,0.0,140.38898889311,140.38898889310997,True
physics,B039,1,6,6.0,17.0387607730618,-90.00000000000001,-51.6691598671844,38.33084013281561,True
physics,B039,2,6,6.0,16.443384582181366,90.0,120.98499456548014,30.98499456548012,True
physics,B040,1,6,12.0,11.19730294175349,90.0,-4.346945367542734,94.34694536754273,True
physics,B040,2,6,12.0,8.743932411227773,-90.00000000000001,179.87299662420125,90.12700337579872,True
physics,B041,1,6,12.0,12.278386771633112,180.0,-85.75519314494196,94.24480685505807,True
physics,B041,2,6,12.0,11.558681216174651,0.0,80.48004522940244,80.48004522940244,True
physics,B042,1,6,12.0,25.9764721192278,-90.00000000000001,-62.830408281098045,27.169591718901984,True
physics,B042,2,6,12.0,24.6787819036382,90.0,112.19514761184934,22.195147611849336,True
physics,B043,1,6,24.0,14.23073284028978,90.0,38.510523151714736,51.48947684828528,True
physics,B043,2,6,24.0,12.51315995882868,-90.00000000000001,-133.8821390390703,43.882139039070296,True
physics,B044,1,6,24.0,14.954677911563735,180.0,-130.82639884093675,49.17360115906325,True
physics,B044,2,6,24.0,16.586151147701692,0.0,41.71769546542,41.71769546542001,True
physics,B045,1,6,24.0,29.58386809734213,-90.00000000000001,-69.81204690441366,20.18795309558635,True
physics,B045,2,6,24.0,29.901227476426115,90.0,105.99386537229933,15.993865372299325,True
physics,B046,1,6,30.0,27.123202446886836,90.0,77.752528202248,12.247471797751984,True
physics,B046,2,6,30.0,26.304510538959867,-90.00000000000001,-99.66351490488594,9.663514904885915,True
physics,B047,1,6,30.0,15.955176583412701,180.0,-143.74587979098985,36.254120209010125,True
physics,B047,2,6,30.0,16.778347987344134,0.0,145.11708112454556,145.11708112454556,True
physics,B048,1,6,30.0,31.598155107569564,-90.00000000000001,-79.61564464205568,10.384355357944344,True
physics,B048,2,6,30.0,31.70077010102772,90.0,98.87135555381671,8.871355553816727,True
physics,C001,1,6,12.000000000000002,17.350453912066346,45.0,-11.872451603381176,56.87245160338118,True
physics,C001,2,6,0.0,12.993767215813575,0.0,121.35492849365163,121.35492849365164,False
physics,C002,1,6,12.0,7.1135476064521015,135.0,-39.924029754004984,174.92402975400498,True
physics,C002,2,6,0.0,16.330675318356327,0.0,130.97438007476683,130.97438007476683,False
physics,C003,1,6,12.0,21.424063244179848,-135.0,-72.67949862776939,62.32050137223061,True
physics,C003,2,6,0.0,16.40778879004172,0.0,134.08023396367457,134.08023396367457,False
physics,C004,1,6,11.999999999999998,23.53382456111475,-45.000000000000014,-44.799833915060866,0.20016608493915555,True
physics,C004,2,6,0.0,10.848207860568127,0.0,127.79102809159441,127.7910280915944,False
ml,A001,1,6,3.0,5.916511436448793,0.0,33.35272404438794,33.35272404438794,True
ml,A001,2,6,0.0,3.944474462424902,0.0,-127.83347320917544,127.83347320917544,False
ml,A002,1,6,6.0,1.3640435543268599,0.0,22.796099149276397,22.796099149276387,True
ml,A002,2,6,0.0,3.574742175046412,0.0,-8.488431242285646,8.488431242285657,False
ml,A003,1,6,12.0,4.439079253184214,0.0,11.593069579319655,11.59306957931966,True
ml,A003,2,6,0.0,6.758949704733059,0.0,-6.8288578995649845,6.82885789956498,False
ml,A004,1,6,24.0,14.51071640059549,0.0,0.1398555773279223,0.1398555773279213,True
ml,A004,2,6,0.0,10.443301016015534,0.0,-1.9370564469968303,1.9370564469968201,False
ml,A005,1,6,30.0,23.68794098504788,0.0,-0.27574131843164995,0.27574131843164196,True
ml,A005,2,6,0.0,6.458065792307924,0.0,-1.4492433061705348,1.4492433061705299,False
ml,A006,1,6,36.0,21.19010688538667,0.0,0.4591762614292788,0.4591762614292918,True
ml,A006,2,6,0.0,13.224463463176452,0.0,-0.2541776785753866,0.2541776785753882,False
ml,A008,1,6,60.0,38.00316676022612,0.0,-0.004020421415341365,0.0040204214153334306,True
ml,A008,2,6,0.0,19.988166844549692,0.0,-0.007643959899360402,0.007643959899354513,False
ml,A009,1,6,0.0,2.7917420600118006,0.0,23.82856107687431,23.82856107687431,False
ml,A009,2,6,3.0,1.110568485556434,0.0,-18.85097559929157,18.85097559929156,True
ml,A010,1,6,0.0,3.7793716213746102,0.0,1.973187927172216,1.973187927172205,False
ml,A010,2,6,6.0,1.7463753971519917,0.0,-0.8858620462352556,0.8858620462352462,True
ml,A011,1,6,0.0,8.06669655888641,0.0,1.6434430514284,1.6434430514283918,False
ml,A011,2,6,12.0,4.4924811174091515,0.0,1.341387190374209,1.3413871903742063,True
ml,A012,1,6,0.0,10.029502594113952,0.0,-0.9921256403850373,0.9921256403850407,False
ml,A012,2,6,24.0,13.020011316986036,0.0,0.0755435467248659,0.07554354672487307,True
ml,A013,1,6,0.0,11.7854596638834,0.0,0.32961102175334345,0.329611021753351,False
ml,A013,2,6,30.0,17.56669228334628,0.0,0.09784848468825592,0.09784848468825658,True
ml,A014,1,6,0.0,10.353824032645063,0.0,0.7523984417490325,0.7523984417490226,False
ml,A014,2,6,36.0,28.43037108836644,0.0,0.09337569381897193,0.09337569381898447,True
ml,A016,1,6,0.0,24.824035530106702,0.0,-0.09693927019716773,0.09693927019716853,False
ml,A016,2,6,60.0,37.00807003884424,0.0,-0.1114702475170428,0.11147024751704748,True
ml,A017,1,6,3.0,2.069668654695381,0.0,9.549245229983821,9.549245229983825,True
ml,A017,2,6,3.0,3.778065602189095,0.0,-5.980958639830671,5.980958639830675,True
ml,A018,1,6,6.0,2.6109662148973913,0.0,12.865857829691446,12.865857829691436,True
ml,A018,2,6,6.0,7.564568424661707,0.0,-0.6488728888049741,0.6488728888049877,True
ml,A019,1,6,12.0,6.330962034427194,0.0,1.2725703158892114,1.2725703158891974,True
ml,A019,2,6,12.0,18.728039916422407,0.0,-0.11829526163446812,0.11829526163447213,True
ml,A020,1,6,24.0,31.01882929282223,0.0,0.013536550482274258,0.013536550482285747,True
ml,A020,2,6,24.0,20.29868396459348,0.0,0.07479985357864788,0.07479985357863939,True
ml,A021,1,6,30.0,35.82867224878856,0.0,-0.03198320166083658,0.0319832016608359,True
ml,A021,2,6,30.0,22.793335526957094,0.0,0.025137076266596878,0.025137076266588565,True
ml,A022,1,6,36.0,39.52933839286686,0.0,-0.028988991107391945,0.028988991107382844,True
ml,A022,2,6,36.0,26.61567418103684,0.0,-0.0430541676423039,0.043054167642310404,True
ml,A023,1,6,48.0,39.14519609557616,0.0,-0.0702563374341589,0.07025633743415938,True
ml,A023,2,6,48.0,46.396869585793304,0.0,-0.07162457525579953,0.0716245752558109,True
ml,A024,1,6,60.0,42.77933501638899,0.0,0.016071997447138275,0.01607199744714194,True
ml,A024,2,6,60.0,44.19700162906982,0.0,0.015556470739234255,0.01555647073922728,True
ml,A025,1,6,3.0,2.262137658549272,0.0,15.177737068681479,15.177737068681466,True
ml,A025,2,6,3.0,2.251527853172399,180.0,176.53703052417262,3.4629694758273786,True
ml,A026,1,6,6.0,1.9435976027739388,0.0,53.985579985064064,53.98557998506408,True
ml,A026,2,6,6.0,1.649067766951983,180.0,-134.3857891861483,45.61421081385174,True
ml,A027,1,6,12.0,11.806044644946635,0.0,75.8608772606528,75.86087726065279,True
ml,A027,2,6,12.0,8.64146149708228,180.0,-98.77413953563924,81.22586046436078,True
ml,A028,1,6,24.0,21.09192211502365,0.0,-1.4794105639000088,1.479410563900018,True
ml,A028,2,6,24.0,20.167729399167758,180.0,-179.26795853444892,0.7320414655511058,True
ml,A029,1,6,30.0,17.737446140316262,0.0,9.611125970434957,9.611125970434955,True
ml,A029,2,6,30.0,17.247440982489096,180.0,-171.24912317181176,8.750876828188211,True
ml,A030,1,6,36.0,31.528416926641427,0.0,0.7167356955384396,0.7167356955384321,True
ml,A030,2,6,36.0,31.423993510355885,180.0,-179.81706060656646,0.18293939343357124,True
ml,A031,1,6,48.0,42.91500072724279,0.0,-0.02230723341303034,0.022307233413016547,True
ml,A031,2,6,48.0,42.73485082621547,180.0,-179.9481585388204,0.051841461179606085,True
ml,A032,1,6,60.0,41.64039882955039,0.0,0.1917331674471121,0.19173316744712565,True
ml,A032,2,6,60.0,40.86450848467951,180.0,-179.96307825492383,0.03692174507614254,True
ml,B001,1,6,6.0,4.16587632658217,90.0,80.20710619750746,9.792893802492529,True
ml,B001,2,6,0.0,2.13824204143913,0.0,94.5511283813643,94.55112838136426,False
ml,B002,1,6,6.0,4.20578826636597,180.0,-176.6479385899908,3.3520614100092416,True
ml,B002,2,6,0.0,1.2314488305334579,0.0,16.835910080981755,16.835910080981762,False
ml,B003,1,6,6.0,0.45800612421694864,-90.00000000000001,145.04523407599942,124.95476592400058,True
ml,B003,2,6,0.0,4.451589432126712,0.0,-86.80422506814408,86.80422506814408,False
ml,B004,1,6,12.0,5.3010612691924655,90.0,80.51679725523388,9.483202744766118,True
ml,B004,2,6,0.0,5.340513096968201,0.0,96.16109426980894,96.16109426980893,False
ml,B005,1,6,12.0,3.8926195637823358,180.0,-175.86972838793633,4.130271612063666,True
ml,B005,2,6,0.0,7.124023807512154,0.0,179.66220822038596,179.662208220386,False
ml,B006,1,6,12.0,7.062940592066959,-90.00000000000001,-94.84193768298636,4.841937682986327,True
ml,B006,2,6,0.0,4.333110385290353,0.0,-92.64329040147616,92.64329040147616,False
ml,B007,1,6,24.0,21.193630384494693,90.0,85.8470766207772,4.152923379222784,True
ml,B007,2,6,0.0,10.330295893632478,0.0,94.46102473452545,94.46102473452544,False
ml,B008,1,6,24.0,15.475298363968921,180.0,-179.65322307906655,0.3467769209334506,True
ml,B008,2,6,0.0,4.052879446215438,0.0,179.72668256735128,179.7266825673513,False
ml,B009,1,6,24.0,16.480704044985323,-90.00000000000001,-89.90235181629546,0.09764818370456396,True
ml,B009,2,6,0.0,4.714615681874587,0.0,-96.49743572659513,96.49743572659513,False
ml,B010,1,6,30.0,11.738282253598971,90.0,87.40263805878591,2.5973619412141034,True
ml,B010,2,6,0.0,21.13214647823968,0.0,91.22289321646632,91.22289321646633,False
ml,B011,1,6,30.0,27.498493065532863,180.0,179.62509792932852,0.3749020706714816,True
ml,B011,2,6,0.0,23.3324200202208,0.0,0.34379019655407994,0.3437901965540675,False
ml,B012,1,6,30.0,14.1377045952383,-90.00000000000001,-91.93214995224773,1.9321499522476984,True
ml,B012,2,6,0.0,11.4847484178898,0.0,-89.78381563853148,89.78381563853148,False
ml,B013,1,6,0.0,5.005779818454721,0.0,86.78322796943519,86.78322796943519,False
ml,B013,2,6,6.0,2.10059992257503,90.0,101.53593872582363,11.535938725823627,True
ml,B014,1,6,0.0,3.791261107861375,0.0,-175.90815562445312,175.90815562445312,False
ml,B014,2,6,6.0,1.1657953336671063,180.0,21.80323477400692,158.1967652259931,True
ml,B015,1,6,0.0,3.9419648813732424,0.0,-90.52532409771172,90.52532409771172,False
ml,B015,2,6,6.0,1.9827448216494672,-90.00000000000001,-81.09272319028156,8.90727680971844,True
ml,B016,1,6,0.0,5.069615331302891,0.0,86.62059607568067,86.62059607568068,False
ml,B016,2,6,12.0,7.091495885135158,90.0,92.11461728521935,2.114617285219367,True
ml,B017,1,6,0.0,8.914205746016997,0.0,-178.36005072700593,178.36005072700593,False
ml,B017,2,6,12.0,3.8222635273123458,180.0,174.07337844998904,5.926621550010964,True
ml,B018,1,6,0.0,6.877857375532,0.0,-75.4205585191912,75.4205585191912,False
ml,B018,2,6,12.0,5.963474427714099,-90.00000000000001,-102.48295483839956,12.482954838399564,True
ml,B019,1,6,0.0,5.192642391570715,0.0,91.98612494433186,91.98612494433189,False
ml,B019,2,6,24.0,12.536270899097369,90.0,93.19102726248367,3.191027262483658,True
ml,B020,1,6,0.0,9.760402218113292,0.0,-178.55425087750436,178.55425087750436,False
ml,B020,2,6,24.0,13.9983562689418,180.0,179.75987450429764,0.2401254957023582,True
ml,B021,1,6,0.0,6.985281366038015,0.0,-79.47390457770224,79.47390457770224,False
ml,B021,2,6,24.0,14.890773746779507,-90.00000000000001,-92.79970130424888,2.799701304248856,True
ml,B022,1,6,0.0,18.792849597835072,0.0,89.32484019392851,89.32484019392848,False
ml,B022,2,6,30.0,11.735390865999214,90.0,91.73673975460723,1.7367397546072425,True
ml,B023,1,6,0.0,15.608511941909358,0.0,-179.12070927083855,179.12070927083855,False
ml,B023,2,6,30.0,7.175554630131388,180.0,179.7764234292119,0.22357657078811144,True
ml,B024,1,6,0.0,7.4188869460343225,0.0,-83.29663301700862,83.29663301700862,False
ml,B024,2,6,30.0,14.76335569822194,-90.00000000000001,-93.46715319292285,3.4671531929228365,True
ml,B025,1,6,6.0,4.471884782183323,90.0,91.67164868397857,1.6716486839785603,True
ml,B025,2,6,6.0,8.729466157153535,90.0,91.10820529485879,1.1082052948588057,True
ml,B026,1,6,6.0,8.000851843368448,180.0,-177.9302092322473,2.0697907677526928,True
ml,B026,2,6,6.0,1.726867242211231,180.0,169.29847813702514,10.701521862974857,True
ml,B027,1,6,6.0,4.141048848677646,-90.00000000000001,-97.23807708261211,7.238077082612108,True
ml,B027,2,6,6.0,5.369030271432222,-90.00000000000001,-82.42427935615972,7.575720643840299,True
ml,B028,1,6,12.0,5.2104429075771,90.0,84.89717430234973,5.102825697650275,True
ml,B028,2,6,12.0,15.056483964097032,90.0,91.59276046010571,1.5927604601056942,True
ml,B029,1,6,12.0,8.777967371035842,180.0,-178.59215963663868,1.407840363361288,True
ml,B029,2,6,12.0,14.454109776961168,180.0,179.77669531593781,0.2233046840621853,True
ml,B030,1,6,12.0,8.975620262144778,-90.00000000000001,-89.7919885108953,0.20801148910470602,True
ml,B030,2,6,12.0,12.893666666666666,-90.00000000000001,-90.00000000000001,0.0,True
ml,B031,1,6,24.0,23.582180810549783,90.0,87.57438801855734,2.425611981442671,True
ml,B031,2,6,24.0,6.04513607971088,90.0,89.28597243719048,0.7140275628095196,True
ml,B032,1,6,24.0,21.298698698512077,180.0,-179.75250938182495,0.2474906181750498,True
ml,B032,2,6,24.0,23.525514886914678,180.0,-179.6882577916808,0.3117422083191741,True
ml,B033,1,6,24.0,19.815775212897773,-90.00000000000001,-88.9727883870549,1.0272116129451092,True
ml,B033,2,6,24.0,15.169390309472266,-90.00000000000001,-76.33766961689466,13.66233038310537,True
ml,B034,1,6,30.0,13.314562397378841,90.0,89.78997370410127,0.21002629589872868,True
ml,B034,2,6,30.0,15.715534922136404,90.0,91.2712750656186,1.271275065618596,True
ml,B035,1,6,30.0,19.496793057687704,180.0,179.61606795108182,0.383932048918183,True
ml,B035,2,6,30.0,14.26227923580239,180.0,177.34763823473168,2.6523617652683242,True
ml,B036,1,6,30.0,18.14757392663282,-90.00000000000001,-84.88783791803453,5.112162081965494,True
ml,B036,2,6,30.0,12.567041879898033,-90.00000000000001,-83.81253084941086,6.187469150589152,True
ml,B037,1,6,6.0,3.3507936899311503,90.0,46.330251357343464,43.66974864265654,True
ml,B037,2,6,6.0,2.415196013726882,-90.00000000000001,-128.89784976721253,38.897849767212506,True
ml,B038,1,6,6.0,4.319011262658533,180.0,163.35769775159997,16.64230224840003,True
ml,B038,2,6,6.0,2.029115878898985,0.0,177.09035710552018,177.09035710552018,True
ml,B039,1,6,6.0,3.0959717120959866,-90.00000000000001,-102.90822641491441,12.908226414914395,True
ml,B039,2,6,6.0,3.9812779704232883,90.0,83.69106357654982,6.308936423450177,True
ml,B040,1,6,12.0,6.23694726683205,90.0,86.95584493399106,3.0441550660089547,True
ml,B040,2,6,12.0,6.802470231467388,-90.00000000000001,-88.30677272157683,1.693227278423194,True
ml,B041,1,6,12.0,5.4969780033510505,180.0,-173.45299531100824,6.547004688991763,True
ml,B041,2,6,12.0,5.553517003765371,0.0,-2.704064526566393,2.704064526566384,True
ml,B042,1,6,12.0,10.91163621774555,-90.00000000000001,-93.59986144258913,3.5998614425891162,True
ml,B042,2,6,12.0,10.43378471867019,90.0,86.5309956058802,3.4690043941197928,True
ml,B043,1,6,24.0,11.163151152725908,90.0,78.10423764373859,11.8957623562614,True
ml,B043,2,6,24.0,11.33336391785089,-90.00000000000001,-99.33834693885903,9.338346938859019,True
ml,B044,1,6,24.0,7.765777212338277,180.0,-174.10537305704656,5.894626942953437,True
ml,B044,2,6,24.0,7.187608389520893,0.0,6.980330760683464,6.980330760683472,True
ml,B045,1,6,24.0,16.464542858167576,-90.00000000000001,-91.65331571948909,1.6533157194890578,True
ml,B045,2,6,24.0,16.52359831422926,90.0,89.80235140994328,0.19764859005670132,True
ml,B046,1,6,30.0,7.592859882447235,90.0,59.16852019422614,30.831479805773853,True
ml,B046,2,6,30.0,6.870249134755676,-90.00000000000001,-118.94585848030313,28.945858480303116,True
ml,B047,1,6,30.0,26.133143404020206,180.0,179.98214872172863,0.017851278271365345,True
ml,B047,2,6,30.0,3.7955114755604566,0.0,-179.85910696063644,179.85910696063644,True
ml,B048,1,6,30.0,15.055401573234008,-90.00000000000001,-95.49102303881587,5.491023038815854,True
ml,B048,2,6,30.0,15.029672360034999,90.0,88.05350896230682,1.9464910376931925,True
ml,C001,1,6,12.000000000000002,6.213809113493516,45.0,33.94775571729575,11.052244282704237,True
ml,C001,2,6,0.0,2.32211874636553,0.0,-10.165443639074836,10.165443639074823,False
ml,C002,1,6,12.0,4.350503180547044,135.0,161.83792022210676,26.83792022210676,True
ml,C002,2,6,0.0,5.142136167111009,0.0,73.16788312987573,73.16788312987575,False
ml,C003,1,6,12.0,7.659075126991693,-135.0,-131.67492939421135,3.325070605788653,True
ml,C003,2,6,0.0,3.3655728421110656,0.0,152.9096168771136,152.9096168771136,False
ml,C004,1,6,11.999999999999998,10.705110783865921,-45.000000000000014,-9.176614541673274,35.823385458326754,True
ml,C004,2,6,0.0,5.334330930137558,0.0,-144.05672866395835,144.05672866395835,False
hybrid,A001,1,6,3.0,6.446718798145924,0.0,49.1473073915249,49.14730739152489,True
hybrid,A001,2,6,0.0,5.051965868737524,0.0,-110.19676077442888,110.19676077442888,False
hybrid,A002,1,6,6.0,1.830173003170939,0.0,9.399524554416686,9.3995245544167,True
hybrid,A002,2,6,0.0,2.8753463173058726,0.0,-9.326917911605076,9.32691791160508,False
hybrid,A003,1,6,12.0,7.210614242960538,0.0,10.224260680677114,10.224260680677105,True
hybrid,A003,2,6,0.0,3.115546523306768,0.0,-13.860061396850119,13.860061396850114,False
hybrid,A004,1,6,24.0,21.419307671890802,0.0,-0.3692403066057827,0.369240306605775,True
hybrid,A004,2,6,0.0,3.2154611212425235,0.0,-0.5108134446126734,0.5108134446126655,False
hybrid,A005,1,6,30.0,28.457846513305277,0.0,-0.08022834560207649,0.08022834560208025,True
hybrid,A005,2,6,0.0,1.9680156390525854,0.0,-3.505508451970845,3.5055084519708544,False
hybrid,A006,1,6,36.0,30.88699403054795,0.0,0.17471239378055606,0.1747123937805668,True
hybrid,A006,2,6,0.0,2.2108187083320767,0.0,-1.7107161927372188,1.710716192737209,False
hybrid,A008,1,6,60.0,45.13876454273471,0.0,0.11931667207861314,0.11931667207861096,True
hybrid,A008,2,6,0.0,12.025733190861079,0.0,0.19057760305822347,0.19057760305821603,False
hybrid,A009,1,6,0.0,2.182342756199271,0.0,25.006349953161273,25.006349953161276,False
hybrid,A009,2,6,3.0,1.725150436274407,0.0,-5.032558450147971,5.032558450147974,True
hybrid,A010,1,6,0.0,3.1329893129424105,0.0,1.3266625390504019,1.3266625390504032,False
hybrid,A010,2,6,6.0,2.6657283831065763,0.0,-1.0854856700660713,1.0854856700660775,True
hybrid,A011,1,6,0.0,6.131067640968414,0.0,0.9274960427875185,0.9274960427875101,False
hybrid,A011,2,6,12.0,6.673596448879719,0.0,0.5838202022332334,0.5838202022332268,True
hybrid,A012,1,6,0.0,3.6965544037702154,0.0,-1.4424031401318473,1.4424031401318587,False
hybrid,A012,2,6,24.0,19.5676231367589,0.0,0.6578588796789228,0.657858879678912,True
hybrid,A013,1,6,0.0,3.4145987172205428,0.0,0.6413823144361812,0.6413823144361857,False
hybrid,A013,2,6,30.0,26.52320129203445,0.0,0.22322263423194832,0.223222634231945,True
hybrid,A014,1,6,0.0,5.672799008985131,0.0,0.004703172882745581,0.004703172882756235,False
hybrid,A014,2,6,36.0,32.204024020471586,0.0,-0.0699799054014319,0.06997990540142496,True
hybrid,A016,1,6,0.0,17.88208224576893,0.0,0.7209390045922736,0.7209390045922817,False
hybrid,A016,2,6,60.0,44.98621166535363,0.0,0.1757611872828586,0.17576118728285905,True
hybrid,A017,1,6,3.0,1.5563974925361237,0.0,13.780382976327493,13.780382976327502,True
hybrid,A017,2,6,3.0,3.7394391142106977,0.0,-6.8602175195657535,6.860217519565765,True
hybrid,A018,1,6,6.0,2.4932145366009966,0.0,16.24383728540798,16.243837285407977,True
hybrid,A018,2,6,6.0,6.83390424444345,0.0,-0.7406115086168114,0.7406115086168086,True
hybrid,A019,1,6,12.0,9.467166221089986,0.0,1.2026913983223158,1.2026913983223153,True
hybrid,A019,2,6,12.0,14.059501280273066,0.0,-0.024451414076520232,0.02445141407650908,True
hybrid,A020,1,6,24.0,23.226834523435375,0.0,0.04151224022695598,0.041512240226950325,True
hybrid,A020,2,6,24.0,26.959336968437817,0.0,0.029753734306407147,0.029753734306410706,True
hybrid,A021,1,6,30.0,31.06400103013133,0.0,-0.014755544230338218,0.014755544230325768,True
hybrid,A021,2,6,30.0,28.918334439897777,0.0,-0.015850367969973703,0.015850367969960644,True
hybrid,A022,1,6,36.0,35.29833333333333,0.0,0.0,0.0,True
hybrid,A022,2,6,36.0,29.67833333333333,0.0,0.0,0.0,True
hybrid,A023,1,6,48.0,43.3990532730842,0.0,0.08977418416379673,0.08977418416378669,True
hybrid,A023,2,6,48.0,48.10702012180759,0.0,0.052404298659158875,0.0524042986591553,True
hybrid,A024,1,6,60.0,44.133667391736715,0.0,-0.010385863348864578,0.010385863348858493,True
hybrid,A024,2,6,60.0,44.494334052526035,0.0,-0.010301676569272429,0.010301676569270057,True
hybrid,A025,1,6,3.0,2.6627469694022743,0.0,20.195396728497123,20.195396728497116,True
hybrid,A025,2,6,3.0,2.7574316602793827,180.0,-174.34247412932345,5.657525870676523,True
hybrid,A026,1,6,6.0,2.4721271014771493,0.0,35.45608316984869,35.45608316984868,True
hybrid,A026,2,6,6.0,2.2492518509248556,180.0,-146.9198899833567,33.08011001664329,True
hybrid,A027,1,6,12.0,19.991735945636194,0.0,86.50789087396353,86.50789087396356,True
hybrid,A027,2,6,12.0,16.75846745346629,180.0,-91.94288599013771,88.05711400986229,True
hybrid,A028,1,6,24.0,28.54600770411614,0.0,-1.1697796552830075,1.1697796552830084,True
hybrid,A028,2,6,24.0,27.086549914117896,180.0,179.8900050994229,0.10999490057710659,True
hybrid,A029,1,6,30.0,20.403202975449915,0.0,10.764925300212393,10.764925300212383,True
hybrid,A029,2,6,30.0,20.137504493412838,180.0,-169.22816861548088,10.771831384519146,True
hybrid,A030,1,6,36.0,33.20824379725615,0.0,0.13598676813866922,0.13598676813867883,True
hybrid,A030,2,6,36.0,33.05666780276291,180.0,179.9849784185418,0.015021581458199762,True
hybrid,A031,1,6,48.0,46.637708330336594,0.0,0.0021589669678174946,0.002158966967812148,True
hybrid,A031,2,6,48.0,46.57366683843755,180.0,-179.995079126599,0.004920873401033532,True
hybrid,A032,1,6,60.0,44.571079750834954,0.0,0.20336660628637515,0.20336660628638015,True
hybrid,A032,2,6,60.0,42.742058970058984,180.0,-179.90482437406408,0.09517562593589446,True
hybrid,B001,1,6,6.0,4.464921455642825,90.0,80.82839622017241,9.171603779827592,True
hybrid,B001,2,6,0.0,1.5701339734062325,0.0,92.98753482325051,92.98753482325048,False
hybrid,B002,1,6,6.0,4.99140488187696,180.0,-179.93562545045143,0.06437454954857458,True
hybrid,B002,2,6,0.0,2.5362323982194095,0.0,0.7756446863907249,0.7756446863907343,False
hybrid,B003,1,6,6.0,0.11600408391285831,-90.00000000000001,-65.21977123187573,24.78022876812429,True
hybrid,B003,2,6,0.0,3.9610915197427303,0.0,-92.75899161142324,92.75899161142324,False
hybrid,B004,1,6,12.0,4.922463807332792,90.0,85.79772082559178,4.202279174408204,True
hybrid,B004,2,6,0.0,3.925227725170152,0.0,91.43306900046956,91.43306900046957,False
hybrid,B005,1,6,12.0,4.830542838742832,180.0,-175.71171433253042,4.288285667469609,True
hybrid,B005,2,6,0.0,5.425669984230315,0.0,179.93663920803414,179.93663920803414,False
hybrid,B006,1,6,12.0,8.75015493453877,-90.00000000000001,-92.32459351229527,2.3245935122952517,True
hybrid,B006,2,6,0.0,2.372320950977006,0.0,-92.02917389015776,92.02917389015776,False
hybrid,B007,1,6,24.0,20.554981918190585,90.0,86.30390825098796,3.696091749012055,True
hybrid,B007,2,6,0.0,11.917237297526452,0.0,91.82887989958994,91.82887989958994,False
hybrid,B008,1,6,24.0,18.022472828697357,180.0,-179.6685585072912,0.331441492708791,True
hybrid,B008,2,6,0.0,1.7879210770550744,0.0,4.105404387011095,4.105404387011106,False
hybrid,B009,1,6,24.0,18.51275812850931,-90.00000000000001,-90.83530861520457,0.8353086152045535,True
hybrid,B009,2,6,0.0,2.822429041525126,0.0,-93.2701018831011,93.2701018831011,False
hybrid,B010,1,6,30.0,16.141558610863427,90.0,90.99544649367479,0.9954464936747911,True
hybrid,B010,2,6,0.0,14.910026224919182,0.0,88.87783985041072,88.87783985041074,False
hybrid,B011,1,6,30.0,28.05349256592645,180.0,179.68048158845116,0.31951841154884164,True
hybrid,B011,2,6,0.0,25.881253389814372,0.0,0.1483244052085986,0.1483244052085979,False
hybrid,B012,1,6,30.0,16.414917197527053,-90.00000000000001,-91.76243500861224,1.762435008612215,True
hybrid,B012,2,6,0.0,8.433675203874316,0.0,-90.08152431407815,90.08152431407815,False
hybrid,B013,1,6,0.0,5.603823123760323,0.0,91.54391915094678,91.54391915094675,False
hybrid,B013,2,6,6.0,1.8695083894049673,90.0,90.7840899713027,0.7840899713027056,True
hybrid,B014,1,6,0.0,3.1628015821260482,0.0,-179.7838523735287,179.7838523735287,False
hybrid,B014,2,6,6.0,0.32206559890804853,180.0,-1.1564347617184716,178.84356523828154,True
hybrid,B015,1,6,0.0,3.135019288274613,0.0,-87.7593597217007,87.7593597217007,False
hybrid,B015,2,6,6.0,2.9743877988214273,-90.00000000000001,-89.65326299189414,0.34673700810589025,True
hybrid,B016,1,6,0.0,2.845261187701654,0.0,89.21990822334753,89.21990822334755,False
hybrid,B016,2,6,12.0,9.847025705765168,90.0,90.13091832999635,0.1309183299963479,True
hybrid,B017,1,6,0.0,7.206594500507704,0.0,179.21785681210915,179.21785681210918,False
hybrid,B017,2,6,12.0,5.795341100592977,180.0,-178.84649426633993,1.1535057336600403,True
hybrid,B018,1,6,0.0,6.015895952553506,0.0,-83.8936840339595,83.8936840339595,False
hybrid,B018,2,6,12.0,6.9512489125656005,-90.00000000000001,-93.11170543873102,3.1117054387310077,True
hybrid,B019,1,6,0.0,1.3456295056412055,0.0,-110.006523321816,110.006523321816,False
hybrid,B019,2,6,24.0,17.627314859016074,90.0,90.49135777271682,0.49135777271681036,True
hybrid,B020,1,6,0.0,5.398549410519161,0.0,-179.0715411532268,179.0715411532268,False
hybrid,B020,2,6,24.0,17.709333785072523,180.0,179.98705862553712,0.01294137446288346,True
hybrid,B021,1,6,0.0,5.410105918711103,0.0,-81.24919932679737,81.24919932679737,False
hybrid,B021,2,6,24.0,16.924717257608766,-90.00000000000001,-91.99097561773097,1.9909756177309532,True
hybrid,B022,1,6,0.0,15.310916172599065,0.0,90.64177363165636,90.64177363165635,False
hybrid,B022,2,6,30.0,14.95022705327396,90.0,89.58417710796625,0.4158228920337592,True
hybrid,B023,1,6,0.0,12.230328553002101,0.0,-179.54156143951874,179.54156143951874,False
hybrid,B023,2,6,30.0,14.922837957119432,180.0,-179.72547688841996,0.27452311158003795,True
hybrid,B024,1,6,0.0,4.087407188943104,0.0,-79.54099434072964,79.54099434072964,False
hybrid,B024,2,6,30.0,16.70294470461887,-90.00000000000001,-92.77675518637142,2.7767551863714175,True
hybrid,B025,1,6,6.0,4.834596114262325,90.0,98.20115250669436,8.20115250669437,True
hybrid,B025,2,6,6.0,5.930200617273509,90.0,87.84332286750713,2.1566771324928595,True
hybrid,B026,1,6,6.0,8.26370287920078,180.0,-177.7131046673205,2.286895332679478,True
hybrid,B026,2,6,6.0,0.880840901891167,180.0,168.07560782847,11.924392171530002,True
hybrid,B027,1,6,6.0,2.894863004736499,-90.00000000000001,-91.51190873516202,1.5119087351620237,True
hybrid,B027,2,6,6.0,6.7893612712995495,-90.00000000000001,-88.02627777650082,1.9737222234991805,True
hybrid,B028,1,6,12.0,3.68996371903213,90.0,89.00576145074518,0.9942385492548169,True
hybrid,B028,2,6,12.0,15.801099233914076,90.0,90.20305994678269,0.20305994678267325,True
hybrid,B029,1,6,12.0,8.670512258506253,180.0,-178.12018363760657,1.8798163623933988,True
hybrid,B029,2,6,12.0,14.042178203343115,180.0,179.92655524671906,0.07344475328093836,True
hybrid,B030,1,6,12.0,11.396023669311505,-90.00000000000001,-89.3051523337767,0.6948476662233247,True
hybrid,B030,2,6,12.0,10.324185757509188,-90.00000000000001,-90.73627591252456,0.7362759125245475,True
hybrid,B031,1,6,24.0,24.20536415487101,90.0,89.64125324247296,0.358746757527058,True
hybrid,B031,2,6,24.0,2.7431868733686775,90.0,65.65860800101632,24.34139199898368,True
hybrid,B032,1,6,24.0,19.037373128389607,180.0,-177.13749533656048,2.862504663439495,True
hybrid,B032,2,6,24.0,23.37255086694171,180.0,178.18565102786624,1.8143489721337573,True
hybrid,B033,1,6,24.0,18.75559093810125,-90.00000000000001,-81.5846384068603,8.415361593139721,True
hybrid,B033,2,6,24.0,15.742175199126704,-90.00000000000001,-79.05838634524305,10.941613654756964,True
hybrid,B034,1,6,30.0,11.656615682968324,90.0,93.04873241790557,3.048732417905569,True
hybrid,B034,2,6,30.0,18.283203080666386,90.0,89.44113133093931,0.5588686690607005,True
hybrid,B035,1,6,30.0,19.417433169624505,180.0,-179.533358656285,0.46664134371496857,True
hybrid,B035,2,6,30.0,12.184650354031502,180.0,178.5045014545215,1.4954985454785117,True
hybrid,B036,1,6,30.0,18.364078067639063,-90.00000000000001,-85.59157674657186,4.408423253428168,True
hybrid,B036,2,6,30.0,14.259218595156064,-90.00000000000001,-81.48840750045379,8.511592499546225,True
hybrid,B037,1,6,6.0,3.662964085103158,90.0,61.26253185151389,28.7374681484861,True
hybrid,B037,2,6,6.0,2.8532045580364542,-90.00000000000001,-108.73658632734248,18.73658632734248,True
hybrid,B038,1,6,6.0,4.5989555313009465,180.0,163.3768661200085,16.623133879991514,True
hybrid,B038,2,6,6.0,2.0178655183138448,0.0,-176.94617235341536,176.94617235341536,True
hybrid,B039,1,6,6.0,1.594842837084839,-90.00000000000001,-142.56284818442705,52.56284818442704,True
hybrid,B039,2,6,6.0,2.5567267539657896,90.0,70.87881504383536,19.121184956164655,True
hybrid,B040,1,6,12.0,4.288501399407883,90.0,81.43419784322046,8.56580215677954,True
hybrid,B040,2,6,12.0,5.2976649992656615,-90.00000000000001,-93.14883402905517,3.1488340290551378,True
hybrid,B041,1,6,12.0,4.522096295477077,180.0,-164.7410312701608,15.25896872983924,True
hybrid,B041,2,6,12.0,4.9600339156546545,0.0,5.483774422469515,5.483774422469509,True
hybrid,B042,1,6,12.0,13.623320986786602,-90.00000000000001,-90.95495865560446,0.9549586556044574,True
hybrid,B042,2,6,12.0,13.653565248681387,90.0,88.69061018058945,1.309389819410569,True
hybrid,B043,1,6,24.0,11.995645268250739,90.0,75.72059441740628,14.27940558259371,True
hybrid,B043,2,6,24.0,12.459300248988482,-90.00000000000001,-101.77003969970312,11.77003969970309,True
hybrid,B044,1,6,24.0,9.042745900475408,180.0,176.94650569924724,3.05349430075276,True
hybrid,B044,2,6,24.0,9.076628419860661,0.0,2.6163683911406728,2.616368391140668,True
hybrid,B045,1,6,24.0,21.002141803783438,-90.00000000000001,-90.34113360940509,0.34113360940506254,True
hybrid,B045,2,6,24.0,21.47904644324582,90.0,90.11914929911997,0.11914929911995387,True
hybrid,B046,1,6,30.0,9.993622560079261,90.0,55.61404363406809,34.38595636593192,True
hybrid,B046,2,6,30.0,9.1125621549473,-90.00000000000001,-125.09023206880477,35.09023206880477,True
hybrid,B047,1,6,30.0,28.087994551317372,180.0,179.9680620945093,0.03193790549070741,True
hybrid,B047,2,6,30.0,1.6083471501997186,0.0,179.76250590105388,179.76250590105388,True
hybrid,B048,1,6,30.0,19.98052969831379,-90.00000000000001,-91.3520681193202,1.3520681193201654,True
hybrid,B048,2,6,30.0,20.80646971230076,90.0,89.79255051208006,0.20744948791994489,True
hybrid,C001,1,6,12.000000000000002,6.249404754321758,45.0,24.051727763642436,20.948272236357553,True
hybrid,C001,2,6,0.0,0.790171430063685,0.0,-37.802908193207195,37.8029081932072,False
hybrid,C002,1,6,12.0,4.8798942923276405,135.0,147.96890906271938,12.968909062719376,True
hybrid,C002,2,6,0.0,2.828359555957795,0.0,67.72711351901616,67.72711351901614,False
hybrid,C003,1,6,12.0,8.426285007060736,-135.0,-127.73250850785072,7.267491492149276,True
hybrid,C003,2,6,0.0,1.9475468900359982,0.0,142.91632044250176,142.91632044250173,False
hybrid,C004,1,6,11.999999999999998,6.8254943656944205,-45.000000000000014,-22.118832805527855,22.88116719447217,True
hybrid,C004,2,6,0.0,1.89121865473033,0.0,-102.27249657182907,102.27249657182907,False
