,importance
phys_U1_re,0.1569097036223677
phys_U2_re,0.1354280949403121
plane1_tilt_deg,0.08086609905356232
plane2_tilt_deg,0.05767530876580093
phys_U1_im,0.0482146100218203
phys_U2_im,0.04528972082919524
plane_amp_ratio,0.04490334218519758
plane_phase_diff,0.037926435380089184
plane1_y_resp_re,0.03244757852630311
plane1_y_1x_re,0.03101286497498053
plane2_x_1x_im,0.03072927547151071
plane2_y_resp_re,0.029493710750557102
plane2_x_resp_im,0.029100206336230457
plane2_y_1x_re,0.028577255450285145
plane1_x_resp_re,0.025016251615754083
plane1_y_resp_im,0.02107384853081996
plane2_x_resp_re,0.02053921195919125
plane2_y_resp_im,0.019147919025066514
plane1_x_resp_im,0.015178140984776024
plane1_x_1x_re,0.01383804343091666
plane2_x_resp_amp,0.009236556173586834
plane1_x_resp_amp,0.009072049724200119
plane2_y_resp_amp,0.008268700057853464
plane1_y_resp_amp,0.0073449381033967925
plane1_x_1x_im,0.007342108488148978
plane2_ellipticity,0.0045456827428634015
plane1_y_1x_im,0.00410693862633768
plane1_ellipticity,0.004097417564380587
plane2_y_1x_im,0.004065394008080912
plane2_x_1x_re,0.003905111017781731
plane1_y_1x_amp,0.003808860426880572
plane2_x_1x_amp,0.0031051556508640108
plane2_y_1x_amp,0.0029676140117008438
plane1_smajor,0.0027987058969308766
plane2_smajor,0.002743363605591067
plane2_sminor,0.0026459585583859585
plane1_x_2x_ratio,0.002435315798311463
plane1_x_1x_amp,0.00186269806475856
plane1_sminor,0.0016744118936923766
plane1_x_3x_amp,0.0013510939477586578
rpm,0.0011738520327992017
plane2_x_2x_ratio,0.0011645084354120806
plane2_y_2x_ratio,0.0008428672656812076
plane1_y_2x_ratio,0.0006526256719112479
plane1_x_2x_amp,0.0006353353282721914
plane2_x_3x_ratio,0.0005913629425700434
plane1_y_2x_amp,0.0005721772024533755
plane2_x_2x_amp,0.0005681083967946268
plane1_x_3x_ratio,0.0005499748541410349
plane2_y_2x_amp,0.0005355292427496982
plane1_whirl,0.0004218021043163899
plane1_y_3x_ratio,0.00041665715525518313
plane1_y_3x_amp,0.00032528273735627194
plane2_x_3x_amp,0.0003119912353148856
plane2_y_3x_ratio,0.0002597937992053514
plane2_y_3x_amp,0.0002324353795254241
plane2_whirl,0.0
