speed,condition,config,disk,true_gmm,true_deg,est_gmm,est_deg
N1,A001,D1,1,3.00,0.0,6.44,48.0
N1,A001,D1,2,0.00,0.0,5.97,-101.9
N1,A002,D1,1,6.00,0.0,9.59,-37.3
N1,A002,D1,2,0.00,0.0,5.21,121.0
N1,A003,D1,1,12.00,0.0,20.75,-23.0
N1,A003,D1,2,0.00,0.0,9.31,128.9
N1,A004,D1,1,24.00,0.0,29.38,-20.1
N1,A004,D1,2,0.00,0.0,10.03,108.4
N1,A005,D1,1,30.00,0.0,34.00,-18.3
N1,A005,D1,2,0.00,0.0,9.88,100.5
N1,A006,D1,1,36.00,0.0,37.88,-8.3
N1,A006,D1,2,0.00,0.0,6.91,110.3
N1,A008,D1,1,60.00,0.0,60.51,2.2
N1,A008,D1,2,0.00,0.0,2.98,-27.2
N1,A009,D2,1,0.00,0.0,5.65,-14.4
N1,A009,D2,2,3.00,0.0,2.09,146.6
N1,A010,D2,1,0.00,0.0,5.73,-59.7
N1,A010,D2,2,6.00,0.0,5.10,61.7
N1,A011,D2,1,0.00,0.0,12.22,-47.2
N1,A011,D2,2,12.00,0.0,10.37,58.7
N1,A012,D2,1,0.00,0.0,12.75,-68.5
N1,A012,D2,2,24.00,0.0,22.69,31.4
N1,A013,D2,1,0.00,0.0,10.42,-58.3
N1,A013,D2,2,30.00,0.0,26.67,19.5
N1,A014,D2,1,0.00,0.0,7.78,-49.1
N1,A014,D2,2,36.00,0.0,31.54,12.8
N1,A016,D2,1,0.00,0.0,12.72,97.5
N1,A016,D2,2,60.00,0.0,64.48,-9.7
N1,A017,inphase,1,3.00,0.0,7.75,4.5
N1,A017,inphase,2,3.00,0.0,1.45,-140.9
N1,A018,inphase,1,6.00,0.0,8.33,-33.0
N1,A018,inphase,2,6.00,0.0,5.59,51.7
N1,A019,inphase,1,12.00,0.0,20.25,-24.0
N1,A019,inphase,2,12.00,0.0,10.35,51.5
N1,A020,inphase,1,24.00,0.0,22.05,-19.4
N1,A020,inphase,2,24.00,0.0,26.33,17.6
N1,A021,inphase,1,30.00,0.0,27.96,-15.0
N1,A021,inphase,2,30.00,0.0,32.13,13.8
N1,A022,inphase,1,36.00,0.0,34.08,-7.8
N1,A022,inphase,2,36.00,0.0,35.70,9.7
N1,A023,inphase,1,48.00,0.0,48.06,19.5
N1,A023,inphase,2,48.00,0.0,50.55,-15.3
N1,A024,inphase,1,60.00,0.0,63.62,18.0
N1,A024,inphase,2,60.00,0.0,66.86,-12.4
N1,A025,antiphase,1,3.00,0.0,12.60,-31.5
N1,A025,antiphase,2,3.00,180.0,11.13,149.2
N1,A026,antiphase,1,6.00,0.0,13.28,-38.2
N1,A026,antiphase,2,6.00,180.0,12.39,144.0
N1,A027,antiphase,1,12.00,0.0,21.81,-23.0
N1,A027,antiphase,2,12.00,180.0,19.93,156.1
N1,A028,antiphase,1,24.00,0.0,34.38,-25.0
N1,A028,antiphase,2,24.00,180.0,32.22,156.0
N1,A029,antiphase,1,30.00,0.0,23.72,20.2
N1,A029,antiphase,2,30.00,180.0,24.77,-160.8
N1,A030,antiphase,1,36.00,0.0,38.16,-8.9
N1,A030,antiphase,2,36.00,180.0,38.10,171.3
N1,A031,antiphase,1,48.00,0.0,49.38,-3.9
N1,A031,antiphase,2,48.00,180.0,49.62,176.1
N1,A032,antiphase,1,60.00,0.0,56.17,7.1
N1,A032,antiphase,2,60.00,180.0,56.95,-172.3
N1,B001,D1,1,6.00,90.0,9.51,-18.5
N1,B001,D1,2,0.00,0.0,10.67,130.9
N1,B002,D1,1,6.00,180.0,11.69,-58.7
N1,B002,D1,2,0.00,0.0,12.85,133.8
N1,B003,D1,1,6.00,-90.0,10.80,-52.7
N1,B003,D1,2,0.00,0.0,6.11,144.2
N1,B004,D1,1,12.00,90.0,7.37,-8.6
N1,B004,D1,2,0.00,0.0,12.87,117.2
N1,B005,D1,1,12.00,180.0,12.30,-93.6
N1,B005,D1,2,0.00,0.0,14.31,126.9
N1,B006,D1,1,12.00,-90.0,24.38,-68.8
N1,B006,D1,2,0.00,0.0,12.36,123.3
N1,B007,D1,1,24.00,90.0,8.76,21.0
N1,B007,D1,2,0.00,0.0,18.59,110.9
N1,B008,D1,1,24.00,180.0,20.05,-127.8
N1,B008,D1,2,0.00,0.0,17.43,122.4
N1,B009,D1,1,24.00,-90.0,35.21,-71.2
N1,B009,D1,2,0.00,0.0,13.07,131.5
N1,B010,D1,1,30.00,90.0,31.83,100.4
N1,B010,D1,2,0.00,0.0,4.70,-27.8
N1,B011,D1,1,30.00,180.0,20.43,-159.4
N1,B011,D1,2,0.00,0.0,11.12,138.8
N1,B012,D1,1,30.00,-90.0,29.84,-77.3
N1,B012,D1,2,0.00,0.0,5.10,171.2
N1,B013,D2,1,0.00,0.0,6.76,-33.8
N1,B013,D2,2,6.00,90.0,10.52,120.4
N1,B014,D2,1,0.00,0.0,14.71,-38.5
N1,B014,D2,2,6.00,180.0,16.79,150.0
N1,B015,D2,1,0.00,0.0,10.64,-39.2
N1,B015,D2,2,6.00,-90.0,6.23,173.9
N1,B016,D2,1,0.00,0.0,15.32,-59.8
N1,B016,D2,2,12.00,90.0,24.22,105.4
N1,B017,D2,1,0.00,0.0,12.51,-66.4
N1,B017,D2,2,12.00,180.0,19.57,145.9
N1,B018,D2,1,0.00,0.0,16.11,-50.2
N1,B018,D2,2,12.00,-90.0,7.72,-179.4
N1,B019,D2,1,0.00,0.0,17.51,-78.9
N1,B019,D2,2,24.00,90.0,39.70,95.7
N1,B020,D2,1,0.00,0.0,17.50,-56.7
N1,B020,D2,2,24.00,180.0,33.74,157.0
N1,B021,D2,1,0.00,0.0,15.43,-47.1
N1,B021,D2,2,24.00,-90.0,14.44,-122.8
N1,B022,D2,1,0.00,0.0,2.71,-53.0
N1,B022,D2,2,30.00,90.0,31.25,94.0
N1,B023,D2,1,0.00,0.0,12.92,-40.3
N1,B023,D2,2,30.00,180.0,37.62,168.9
N1,B024,D2,1,0.00,0.0,5.18,-15.5
N1,B024,D2,2,30.00,-90.0,27.26,-97.3
N1,B025,inphase,1,6.00,90.0,6.30,-44.0
N1,B025,inphase,2,6.00,90.0,14.52,109.9
N1,B026,inphase,1,6.00,180.0,10.13,-81.8
N1,B026,inphase,2,6.00,180.0,14.26,143.7
N1,B027,inphase,1,6.00,-90.0,16.34,-53.9
N1,B027,inphase,2,6.00,-90.0,7.50,167.0
N1,B028,inphase,1,12.00,90.0,7.22,-17.2
N1,B028,inphase,2,12.00,90.0,24.58,103.4
N1,B029,inphase,1,12.00,180.0,15.99,-81.6
N1,B029,inphase,2,12.00,180.0,26.30,148.7
N1,B030,inphase,1,12.00,-90.0,23.57,-66.3
N1,B030,inphase,2,12.00,-90.0,7.33,-163.4
N1,B031,inphase,1,24.00,90.0,2.48,15.0
N1,B031,inphase,2,24.00,90.0,42.72,94.1
N1,B032,inphase,1,24.00,180.0,23.88,-107.1
N1,B032,inphase,2,24.00,180.0,42.11,152.3
N1,B033,inphase,1,24.00,-90.0,31.72,-67.8
N1,B033,inphase,2,24.00,-90.0,18.38,-119.0
N1,B034,inphase,1,30.00,90.0,26.94,111.2
N1,B034,inphase,2,30.00,90.0,32.29,79.9
N1,B035,inphase,1,30.00,180.0,16.19,-145.8
N1,B035,inphase,2,30.00,180.0,42.97,169.2
N1,B036,inphase,1,30.00,-90.0,28.28,-77.4
N1,B036,inphase,2,30.00,-90.0,29.63,-98.4
N1,B037,antiphase,1,6.00,90.0,9.72,-12.3
N1,B037,antiphase,2,6.00,-90.0,7.46,166.2
N1,B038,antiphase,1,6.00,180.0,11.23,-56.5
N1,B038,antiphase,2,6.00,0.0,12.43,136.5
N1,B039,antiphase,1,6.00,-90.0,17.37,-54.4
N1,B039,antiphase,2,6.00,90.0,16.11,119.7
N1,B040,antiphase,1,12.00,90.0,8.47,-18.5
N1,B040,antiphase,2,12.00,-90.0,6.32,171.9
N1,B041,antiphase,1,12.00,180.0,13.22,-96.4
N1,B041,antiphase,2,12.00,0.0,12.40,72.1
N1,B042,antiphase,1,12.00,-90.0,25.25,-67.5
N1,B042,antiphase,2,12.00,90.0,24.19,108.4
N1,B043,antiphase,1,24.00,90.0,10.00,49.1
N1,B043,antiphase,2,24.00,-90.0,9.87,-120.2
N1,B044,antiphase,1,24.00,180.0,17.42,-126.6
N1,B044,antiphase,2,24.00,0.0,18.48,44.9
N1,B045,antiphase,1,24.00,-90.0,29.99,-71.0
N1,B045,antiphase,2,24.00,90.0,29.89,105.2
N1,B046,antiphase,1,30.00,90.0,25.97,83.2
N1,B046,antiphase,2,30.00,-90.0,25.79,-94.6
N1,B047,antiphase,1,30.00,180.0,18.72,-152.5
N1,B047,antiphase,2,30.00,0.0,13.17,142.0
N1,B048,antiphase,1,30.00,-90.0,29.86,-81.2
N1,B048,antiphase,2,30.00,90.0,30.44,97.6
N1,C001,D1,1,12.00,45.0,16.20,-11.3
N1,C001,D1,2,0.00,0.0,12.11,118.6
N1,C002,D1,1,12.00,135.0,5.28,-66.5
N1,C002,D1,2,0.00,0.0,15.19,122.4
N1,C003,D1,1,12.00,-135.0,22.71,-81.6
N1,C003,D1,2,0.00,0.0,15.78,124.8
N1,C004,D1,1,12.00,-45.0,22.98,-49.1
N1,C004,D1,2,0.00,0.0,10.45,120.2
N2,A001,D1,1,3.00,0.0,10.55,25.1
N2,A001,D1,2,0.00,0.0,6.87,-141.9
N2,A002,D1,1,6.00,0.0,13.56,-9.8
N2,A002,D1,2,0.00,0.0,7.47,154.8
N2,A003,D1,1,12.00,0.0,19.06,-14.8
N2,A003,D1,2,0.00,0.0,8.06,132.7
N2,A004,D1,1,24.00,0.0,29.94,-24.0
N2,A004,D1,2,0.00,0.0,12.08,104.7
N2,A005,D1,1,30.00,0.0,32.75,-15.3
N2,A005,D1,2,0.00,0.0,9.48,95.7
N2,A006,D1,1,36.00,0.0,38.17,-5.8
N2,A006,D1,2,0.00,0.0,6.20,114.5
N2,A008,D1,1,60.00,0.0,59.24,2.6
N2,A008,D1,2,0.00,0.0,3.65,-26.2
N2,A009,D2,1,0.00,0.0,6.66,-15.0
N2,A009,D2,2,3.00,0.0,4.29,128.0
N2,A010,D2,1,0.00,0.0,8.31,-16.3
N2,A010,D2,2,6.00,0.0,2.88,115.1
N2,A011,D2,1,0.00,0.0,10.42,-40.1
N2,A011,D2,2,12.00,0.0,9.16,54.7
N2,A012,D2,1,0.00,0.0,13.59,-63.0
N2,A012,D2,2,24.00,0.0,21.43,32.6
N2,A013,D2,1,0.00,0.0,5.56,-47.6
N2,A013,D2,2,30.00,0.0,27.04,12.4
N2,A014,D2,1,0.00,0.0,4.77,2.8
N2,A014,D2,2,36.00,0.0,30.99,4.1
N2,A016,D2,1,0.00,0.0,19.33,99.8
N2,A016,D2,2,60.00,0.0,66.02,-14.7
N2,A017,inphase,1,3.00,0.0,7.95,10.7
N2,A017,inphase,2,3.00,0.0,1.85,-135.2
N2,A018,inphase,1,6.00,0.0,11.85,-4.7
N2,A018,inphase,2,6.00,0.0,2.07,87.2
N2,A019,inphase,1,12.00,0.0,17.15,-19.3
N2,A019,inphase,2,12.00,0.0,10.32,39.1
N2,A020,inphase,1,24.00,0.0,23.24,-28.0
N2,A020,inphase,2,24.00,0.0,27.06,22.3
N2,A021,inphase,1,30.00,0.0,25.52,-13.2
N2,A021,inphase,2,30.00,0.0,34.75,12.0
N2,A022,inphase,1,36.00,0.0,31.84,-2.9
N2,A022,inphase,2,36.00,0.0,37.31,5.7
N2,A023,inphase,1,48.00,0.0,51.86,26.8
N2,A023,inphase,2,48.00,0.0,51.34,-22.6
N2,A024,inphase,1,60.00,0.0,64.66,25.3
N2,A024,inphase,2,60.00,0.0,69.37,-18.7
N2,A025,antiphase,1,3.00,0.0,14.24,-32.3
N2,A025,antiphase,2,3.00,180.0,13.78,140.8
N2,A026,antiphase,1,6.00,0.0,16.72,-20.0
N2,A026,antiphase,2,6.00,180.0,15.31,155.3
N2,A027,antiphase,1,12.00,0.0,22.96,-20.1
N2,A027,antiphase,2,12.00,180.0,21.31,157.0
N2,A028,antiphase,1,24.00,0.0,38.53,-19.2
N2,A028,antiphase,2,24.00,180.0,36.07,158.0
N2,A029,antiphase,1,30.00,0.0,32.84,8.8
N2,A029,antiphase,2,30.00,180.0,31.52,-171.3
N2,A030,antiphase,1,36.00,0.0,41.27,-14.8
N2,A030,antiphase,2,36.00,180.0,40.66,166.0
N2,A031,antiphase,1,48.00,0.0,54.48,-6.4
N2,A031,antiphase,2,48.00,180.0,53.54,173.1
N2,A032,antiphase,1,60.00,0.0,63.57,7.1
N2,A032,antiphase,2,60.00,180.0,62.45,-174.4
N2,B001,D1,1,6.00,90.0,10.81,-9.7
N2,B001,D1,2,0.00,0.0,11.50,137.5
N2,B002,D1,1,6.00,180.0,11.31,-52.2
N2,B002,D1,2,0.00,0.0,13.75,136.5
N2,B003,D1,1,6.00,-90.0,11.67,-39.5
N2,B003,D1,2,0.00,0.0,7.93,154.5
N2,B004,D1,1,12.00,90.0,13.89,-1.2
N2,B004,D1,2,0.00,0.0,15.75,134.0
N2,B005,D1,1,12.00,180.0,12.24,-55.5
N2,B005,D1,2,0.00,0.0,17.51,145.3
N2,B006,D1,1,12.00,-90.0,23.21,-54.4
N2,B006,D1,2,0.00,0.0,13.53,141.9
N2,B007,D1,1,24.00,90.0,17.25,7.4
N2,B007,D1,2,0.00,0.0,25.13,122.6
N2,B008,D1,1,24.00,180.0,12.34,-87.4
N2,B008,D1,2,0.00,0.0,23.31,146.0
N2,B009,D1,1,24.00,-90.0,27.76,-65.7
N2,B009,D1,2,0.00,0.0,10.35,154.2
N2,B010,D1,1,30.00,90.0,30.49,79.5
N2,B010,D1,2,0.00,0.0,4.52,-167.7
N2,B011,D1,1,30.00,180.0,12.82,-157.6
N2,B011,D1,2,0.00,0.0,15.12,158.7
N2,B012,D1,1,30.00,-90.0,27.06,-73.2
N2,B012,D1,2,0.00,0.0,6.56,-169.0
N2,B013,D2,1,0.00,0.0,10.54,-21.5
N2,B013,D2,2,6.00,90.0,13.93,127.0
N2,B014,D2,1,0.00,0.0,14.24,-26.9
N2,B014,D2,2,6.00,180.0,17.33,154.7
N2,B015,D2,1,0.00,0.0,10.22,-17.2
N2,B015,D2,2,6.00,-90.0,7.84,-170.9
N2,B016,D2,1,0.00,0.0,17.73,-40.6
N2,B016,D2,2,12.00,90.0,25.04,115.1
N2,B017,D2,1,0.00,0.0,20.72,-35.0
N2,B017,D2,2,12.00,180.0,27.52,155.5
N2,B018,D2,1,0.00,0.0,16.32,-30.4
N2,B018,D2,2,12.00,-90.0,11.53,-165.0
N2,B019,D2,1,0.00,0.0,24.46,-56.6
N2,B019,D2,2,24.00,90.0,42.90,104.7
N2,B020,D2,1,0.00,0.0,26.04,-30.1
N2,B020,D2,2,24.00,180.0,43.23,162.0
N2,B021,D2,1,0.00,0.0,13.57,-18.2
N2,B021,D2,2,24.00,-90.0,20.02,-121.6
N2,B022,D2,1,0.00,0.0,6.62,20.2
N2,B022,D2,2,30.00,90.0,28.72,100.3
N2,B023,D2,1,0.00,0.0,18.62,-21.0
N2,B023,D2,2,30.00,180.0,43.84,170.3
N2,B024,D2,1,0.00,0.0,9.43,33.9
N2,B024,D2,2,30.00,-90.0,32.27,-101.5
N2,B025,inphase,1,6.00,90.0,9.42,-8.0
N2,B025,inphase,2,6.00,90.0,15.08,122.3
N2,B026,inphase,1,6.00,180.0,7.98,-34.5
N2,B026,inphase,2,6.00,180.0,15.74,161.3
N2,B027,inphase,1,6.00,-90.0,13.82,-40.5
N2,B027,inphase,2,6.00,-90.0,8.41,-177.6
N2,B028,inphase,1,12.00,90.0,14.74,-16.6
N2,B028,inphase,2,12.00,90.0,28.31,113.0
N2,B029,inphase,1,12.00,180.0,15.84,-42.9
N2,B029,inphase,2,12.00,180.0,31.85,159.8
N2,B030,inphase,1,12.00,-90.0,20.25,-50.5
N2,B030,inphase,2,12.00,-90.0,11.91,-149.0
N2,B031,inphase,1,24.00,90.0,16.09,-6.9
N2,B031,inphase,2,24.00,90.0,47.49,105.5
N2,B032,inphase,1,24.00,180.0,15.29,-54.2
N2,B032,inphase,2,24.00,180.0,51.15,165.0
N2,B033,inphase,1,24.00,-90.0,22.61,-58.6
N2,B033,inphase,2,24.00,-90.0,25.28,-112.6
N2,B034,inphase,1,30.00,90.0,22.86,78.3
N2,B034,inphase,2,30.00,90.0,35.83,96.4
N2,B035,inphase,1,30.00,180.0,9.19,-105.6
N2,B035,inphase,2,30.00,180.0,52.19,169.6
N2,B036,inphase,1,30.00,-90.0,19.93,-63.3
N2,B036,inphase,2,30.00,-90.0,36.73,-101.6
N2,B037,antiphase,1,6.00,90.0,10.83,6.2
N2,B037,antiphase,2,6.00,-90.0,9.00,-177.9
N2,B038,antiphase,1,6.00,180.0,9.12,-37.4
N2,B038,antiphase,2,6.00,0.0,13.06,144.1
N2,B039,antiphase,1,6.00,-90.0,16.74,-48.8
N2,B039,antiphase,2,6.00,90.0,16.78,122.2
N2,B040,antiphase,1,12.00,90.0,14.33,3.9
N2,B040,antiphase,2,12.00,-90.0,11.26,-175.7
N2,B041,antiphase,1,12.00,180.0,11.83,-73.8
N2,B041,antiphase,2,12.00,0.0,11.00,89.9
N2,B042,antiphase,1,12.00,-90.0,26.87,-58.4
N2,B042,antiphase,2,12.00,90.0,25.28,115.9
N2,B043,antiphase,1,24.00,90.0,18.73,32.9
N2,B043,antiphase,2,24.00,-90.0,15.61,-142.5
N2,B044,antiphase,1,24.00,180.0,12.60,-136.7
N2,B044,antiphase,2,24.00,0.0,14.75,37.8
N2,B045,antiphase,1,24.00,-90.0,29.19,-68.6
N2,B045,antiphase,2,24.00,90.0,29.92,106.8
N2,B046,antiphase,1,30.00,90.0,28.50,72.8
N2,B046,antiphase,2,30.00,-90.0,27.02,-104.5
N2,B047,antiphase,1,30.00,180.0,13.71,-131.7
N2,B047,antiphase,2,30.00,0.0,20.42,147.1
N2,B048,antiphase,1,30.00,-90.0,33.35,-78.2
N2,B048,antiphase,2,30.00,90.0,32.98,100.0
N2,C001,D1,1,12.00,45.0,18.50,-12.4
N2,C001,D1,2,0.00,0.0,13.90,123.8
N2,C002,D1,1,12.00,135.0,9.79,-26.0
N2,C002,D1,2,0.00,0.0,17.78,138.3
N2,C003,D1,1,12.00,-135.0,20.71,-62.9
N2,C003,D1,2,0.00,0.0,17.43,142.5
N2,C004,D1,1,12.00,-45.0,24.22,-40.7
N2,C004,D1,2,0.00,0.0,11.42,134.7
